A10E8QHPV30BAD,11.0,140.0,136.0,111.0,119.0,56.0,80.0,52.0,56.0,108.0,80.0,83.0,95.0,264.0,128.0,119.0,96.0,112.0,136.0,88.0,56.0,71.0,72.0,104.0,105.0,8.0,68.0,91.0,100.0,104.0,80.0,104.0,112.0,73.0,21.0,40.0,122.0,113.0,81.0,81.0,56.0,56.0,97.0,78.0,120.0,57.0,81.0,87.0,64.0,15.0,88.0,3.0,64.0,88.0,96.0,114.0,82.0,65.0,33.0,73.0,128.0,113.0,102.0,105.0,97.0,76.0,87.0,72.0,85.0,80.0,48.0,10.0,71.0,81.0,94.0,74.0,13.0,72.0,117.0,57.0,11.0,65.0,73.0,64.0,39.0,57.0,48.0,31.0,113.0,121.0,111.0,104.0,114.0,74.0,54.0,41.0,18.0,55.0,73.0,112.0,71.0,32.0,41.0,40.0,9.0,73.0,62.0,78.0,65.0,16.0,40.0,119.0,72.0,121.0,62.0,19.0,81.0,121.0,72.0,87.0,96.0,60.0,17.0,57.0,47.0,56.0,31.0,1.0,9.0,56.0,56.0,16.0,24.0,88.0,79.0,128.0,130.0,104.0,67.0,72.0,88.0,42.0,55.0,64.0,0.0,108.0,66.0,40.0,72.0,104.0,71.0,120.0,100.0,128.0,107.0,73.0,17.0,36.0,59.0,25.0,56.0,54.0,9.0,15.0,1.0,81.0,48.0,48.0,55.0,55.0,62.0,63.0,80.0,54.0,23.0,0.0,68.0,105.0,85.0,58.0,31.0,84.0,96.0,47.0,86.0,128.0,111.0,48.0,11.0,66.0,120.0,112.0,103.0,72.0,14.0,43.0,111.0,121.0,105.0,137.0,111.0,64.0,74.0,42.0,56.0,72.0,57.0,47.0,10.0,95.0,55.0,17.0,78.0,1.0,36.0,66.0,85.0,16.0,7.0,39.0,90.0,13.0,112.0,98.0,97.0,96.0,39.0,88.0,40.0,106.0,58.0,13.0,17.0,64.0,102.0,129.0,131.0,69.0,56.0,40.0,112.0,104.0,56.0,8.0,39.0,73.0,61.0,88.0,104.0,78.0,88.0,92.0,64.0,81.0,95.0,71.0,55.0,20.0,24.0,56.0,69.0,104.0,57.0,25.0,24.0,33.0,72.0,32.0,58.0,32.0,16.0,49.0,64.0,80.0,72.0,61.0,36.0,64.0,16.0,103.0,112.0,112.0,16.0,73.0,112.0,144.0,112.0,144.0,86.0,79.0,80.0,113.0,80.0,112.0,127.0,104.0,127.0,136.0,101.0,94.0,73.0,80.0,16.0,54.0,72.0,114.0,86.0,33.0,24.0,54.0,57.0,32.0,24.0,79.0,64.0,97.0,159.0,120.0,104.0,81.0,85.0,80.0,104.0,15.0,111.0,16.0,41.0,116.0,103.0,72.0,87.0,106.0,61.0,55.0,72.0,85.0,128.0,73.0,80.0,104.0,88.0,48.0,127.0,60.0,32.0,48.0,72.0,110.0,103.0,73.0,78.0,105.0,63.0,104.0,120.0,112.0,104.0,139.0,89.0,134.0,111.0,90.0,40.0,39.0,56.0,79.0,105.0,64.0,24.0,78.0,88.0,49.0,80.0,81.0,84.0,60.0,42.0,96.0,96.0,104.0,112.0,120.0,124.0,87.0,95.0,72.0,87.0,56.0,72.0,22.0,57.0,90.0,126.0,90.0,88.0,62.0,33.0,79.0,64.0,65.0,108.0,88.0,52.0,91.0,40.0,97.0,48.0,56.0,97.0,87.0,102.0,78.0,88.0,86.0,96.0,103.0,95.0,68.0,69.0,50.0,104.0,115.0,95.0,103.0,103.0,111.0,141.0,50.0,17.0,85.0,80.0,104.0,64.0,32.0,56.0,83.0,78.0,111.0,113.0,108.0,72.0,32.0,56.0,72.0,120.0,111.0,135.0,112.0,128.0,98.0,96.0,127.0,76.0,94.0,103.0,117.0,136.0,88.0,88.0,66.0,24.0,104.0,56.0,32.0,107.0,72.0,101.0,80.0,113.0,96.0,140.0,80.0,69.0,51.0,56.0,86.0,45.0,78.0,104.0,96.0,110.0,64.0,113.0,96.0,65.0,65.0,90.0,104.0,56.0,48.0,65.0,39.0,62.0,105.0,86.0,53.0,48.0,120.0,127.0,69.0,56.0,79.0,3.0
A10E8QHPV30BAD,16.0,104.0,93.0,80.0,58.0,10.0,53.0,77.0,64.0,80.0,88.0,96.0,56.0,120.0,69.0,55.0,56.0,105.0,88.0,40.0,71.0,36.0,80.0,57.0,16.0,32.0,96.0,117.0,172.0,115.0,104.0,113.0,88.0,24.0,16.0,72.0,96.0,75.0,99.0,39.0,49.0,112.0,112.0,128.0,149.0,81.0,51.0,80.0,57.0,72.0,72.0,72.0,72.0,58.0,106.0,113.0,55.0,32.0,15.0,88.0,52.0,8.0,32.0,41.0,123.0,94.0,89.0,61.0,72.0,103.0,88.0,71.0,49.0,57.0,97.0,69.0,83.0,80.0,89.0,78.0,80.0,106.0,57.0,43.0,40.0,103.0,64.0,32.0,18.0,80.0,142.0,108.0,96.0,40.0,96.0,56.0,101.0,75.0,12.0,60.0,13.0,57.0,88.0,72.0,89.0,120.0,149.0,120.0,104.0,94.0,99.0,105.0,88.0,96.0,103.0,137.0,96.0,84.0,68.0,71.0,48.0,8.0,8.0,22.0,8.0,7.0,24.0,40.0,85.0,57.0,59.0,128.0,87.0,97.0,110.0,65.0,24.0,55.0,0.0,17.0,32.0,96.0,40.0,88.0,56.0,56.0,86.0,65.0,43.0,76.0,88.0,163.0,116.0,143.0,120.0,62.0,8.0,0.0,80.0,73.0,32.0,9.0,86.0,116.0,135.0,104.0,56.0,21.0,14.0,56.0,81.0,42.0,26.0,49.0,33.0,31.0,8.0,89.0,97.0,72.0,79.0,160.0,102.0,53.0,98.0,56.0,48.0,95.0,112.0,96.0,62.0,70.0,89.0,63.0,10.0,56.0,128.0,64.0,54.0,98.0,76.0,46.0,56.0,4.0,80.0,112.0,102.0,56.0,90.0,89.0,89.0,52.0,80.0,40.0,8.0,65.0,104.0,1.0,40.0,104.0,97.0,103.0,80.0,64.0,106.0,64.0,116.0,81.0,56.0,144.0,128.0,107.0,126.0,75.0,80.0,89.0,113.0,101.0,89.0,58.0,95.0,71.0,73.0,24.0,144.0,80.0,77.0,85.0,55.0,105.0,40.0,33.0,58.0,79.0,80.0,118.0,104.0,128.0,88.0,82.0,137.0,126.0,60.0,57.0,64.0,56.0,47.0,112.0,110.0,104.0,56.0,7.0,56.0,152.0,112.0,103.0,75.0,16.0,105.0,144.0,81.0,103.0,81.0,72.0,46.0,64.0,136.0,111.0,52.0,48.0,137.0,137.0,45.0,115.0,77.0,120.0,113.0,87.0,99.0,155.0,85.0,72.0,56.0,88.0,62.0,87.0,55.0,113.0,136.0,95.0,121.0,97.0,105.0,65.0,53.0,55.0,52.0,71.0,120.0,79.0,73.0,121.0,67.0,6.0,114.0,93.0,74.0,56.0,72.0,22.0,21.0,105.0,56.0,107.0,113.0,88.0,72.0,70.0,57.0,120.0,175.0,72.0,64.0,102.0,126.0,84.0,49.0,107.0,78.0,87.0,93.0,105.0,79.0,86.0,81.0,81.0,33.0,48.0,95.0,57.0,8.0,1.0,29.0,65.0,96.0,92.0,53.0,55.0,89.0,137.0,107.0,54.0,87.0,128.0,96.0,48.0,97.0,25.0,13.0,84.0,96.0,105.0,104.0,80.0,115.0,88.0,80.0,64.0,59.0,100.0,42.0,0.0,89.0,72.0,49.0,58.0,102.0,96.0,0.0,80.0,64.0,48.0,70.0,120.0,97.0,104.0,130.0,57.0,121.0,95.0,66.0,89.0,96.0,168.0,95.0,33.0,146.0,150.0,80.0,56.0,127.0,128.0,122.0,59.0,22.0,71.0,120.0,85.0,80.0,16.0,16.0,8.0,54.0,80.0,8.0,55.0,137.0,119.0,104.0,104.0,90.0,95.0,87.0,144.0,105.0,88.0,104.0,128.0,109.0,26.0,9.0,96.0,128.0,73.0,104.0,72.0,64.0,77.0,69.0,62.0,112.0,112.0,51.0,54.0,79.0,28.0,103.0,24.0,32.0,69.0,120.0,128.0,130.0,80.0,83.0,127.0,74.0,120.0,128.0,87.0,112.0,87.0,144.0,104.0,72.0,48.0,120.0,128.0,96.0,76.0,84.0,64.0,88.0,72.0,152.0,128.0,112.0,128.0,56.0,4.0,63.0,45.0
A10E8QHPV30BAD,30.0,41.0,32.0,143.0,2312.0,88.0,8.0,981.0,49.0,65.0,13.0,72.0,37.0,41.0,16.0,20.0,0.0,18.0,61.0,48.0,96.0,52.0,56.0,3468.0,4054.0,102.0,104.0,72.0,43.0,32.0,56.0,56.0,71.0,1.0,64.0,56.0,298.0,98.0,22.0,64.0,81.0,31.0,1152.0,89.0,35.0,22.0,85.0,15.0,67.0,8.0,28.0,24.0,48.0,118.0,8.0,56.0,32.0,64.0,8.0,73.0,709.0,2151.0,16.0,41.0,22.0,64.0,20.0,56.0,112.0,32.0,1.0,25.0,6.0,57.0,48.0,64.0,40.0,40.0,24.0,8.0,317.0,79.0,22.0,8.0,71.0,6.0,241.0,56.0,64.0,40.0,96.0,50.0,14.0,19.0,64.0,263.0,1000.0,113.0,89.0,267.0,56.0,56.0,103.0,44.0,9.0,0.0,78.0,28.0,56.0,72.0,22.0,56.0,40.0,56.0,40.0,72.0,80.0,41.0,8.0,40.0,74.0,48.0,56.0,32.0,32.0,32.0,23.0,55.0,71.0,55.0,127.0,26.0,16.0,104.0,17.0,237.0,49.0,137.0,380.0,14.0,48.0,40.0,1025.0,24.0,60.0,840.0,39.0,29.0,30.0,40.0,20.0,88.0,126.0,74.0,24.0,64.0,64.0,119.0,109.0,117.0,98.0,120.0,88.0,141.0,113.0,137.0,104.0,13.0,88.0,104.0,70.0,61.0,174.0,132.0,112.0,110.0,97.0,141.0,88.0,88.0,78.0,55.0,89.0,56.0,55.0,100.0,79.0,121.0,129.0,72.0,112.0,108.0,124.0,122.0,80.0,40.0,16.0,40.0,56.0,83.0,72.0,145.0,120.0,23.0,56.0,144.0,114.0,14.0,56.0,104.0,88.0,62.0,64.0,32.0,91.0,104.0,35.0,60.0,160.0,132.0,64.0,56.0,40.0,120.0,88.0,144.0,96.0,27.0,80.0,158.0,112.0,80.0,136.0,134.0,105.0,121.0,111.0,8.0,60.0,88.0,96.0,88.0,96.0,62.0,56.0,80.0,48.0,40.0,56.0,81.0,58.0,8.0,48.0,49.0,39.0,23.0,38.0,48.0,15.0,48.0,60.0,25.0,88.0,64.0,48.0,88.0,50.0,106.0,58.0,1.0,17.0,80.0,96.0,128.0,126.0,125.0,64.0,57.0,110.0,104.0,39.0,33.0,66.0,104.0,60.0,80.0,152.0,35.0,123.0,97.0,32.0,80.0,128.0,123.0,89.0,121.0,106.0,37.0,35.0,39.0,129.0,104.0,144.0,128.0,163.0,109.0,105.0,63.0,64.0,32.0,0.0,7.0,24.0,72.0,40.0,56.0,62.0,52.0,64.0,144.0,96.0,123.0,50.0,49.0,55.0,92.0,136.0,107.0,69.0,71.0,33.0,97.0,148.0,56.0,48.0,72.0,119.0,113.0,95.0,39.0,48.0,80.0,40.0,64.0,63.0,144.0,73.0,46.0,112.0,144.0,144.0,89.0,147.0,111.0,64.0,56.0,113.0,91.0,105.0,112.0,62.0,101.0,104.0,112.0,154.0,29.0,65.0,16.0,59.0,24.0,53.0,46.0,8.0,48.0,73.0,120.0,185.0,97.0,83.0,136.0,111.0,95.0,159.0,127.0,119.0,72.0,119.0,56.0,100.0,135.0,114.0,111.0,96.0,133.0,80.0,40.0,64.0,120.0,115.0,63.0,37.0,55.0,89.0,63.0,98.0,98.0,107.0,134.0,119.0,83.0,80.0,120.0,166.0,120.0,70.0,119.0,104.0,89.0,88.0,97.0,104.0,112.0,121.0,76.0,103.0,72.0,64.0,8.0,91.0,57.0,26.0,59.0,78.0,88.0,97.0,137.0,141.0,119.0,32.0,48.0,100.0,63.0,77.0,104.0,15.0,102.0,151.0,106.0,142.0,93.0,111.0,113.0,101.0,120.0,114.0,152.0,88.0,64.0,112.0,99.0,125.0,127.0,120.0,95.0,126.0,131.0,23.0,120.0,120.0,151.0,93.0,77.0,102.0,144.0,128.0,80.0,104.0,74.0,72.0,58.0,56.0,72.0,96.0,24.0,72.0,54.0,85.0,130.0,107.0,99.0,72.0,128.0,120.0,76.0,96.0,112.0,45.0,64.0,96.0,128.0,120.0,118.0,102.0
A10E8QHPV30BAD,8.0,136.0,120.0,96.0,40.0,24.0,63.0,112.0,105.0,153.0,123.0,99.0,91.0,56.0,112.0,121.0,67.0,121.0,92.0,104.0,104.0,104.0,105.0,48.0,8.0,32.0,72.0,64.0,137.0,119.0,1.0,135.0,96.0,64.0,20.0,71.0,100.0,104.0,113.0,89.0,30.0,15.0,41.0,96.0,88.0,40.0,68.0,51.0,82.0,120.0,107.0,72.0,82.0,113.0,88.0,95.0,96.0,96.0,157.0,57.0,0.0,82.0,176.0,104.0,72.0,59.0,127.0,49.0,104.0,72.0,113.0,119.0,130.0,97.0,104.0,105.0,103.0,75.0,96.0,104.0,65.0,57.0,74.0,76.0,88.0,86.0,21.0,97.0,72.0,82.0,46.0,88.0,56.0,97.0,109.0,72.0,101.0,102.0,121.0,94.0,29.0,72.0,56.0,137.0,96.0,56.0,94.0,118.0,130.0,136.0,96.0,103.0,111.0,120.0,129.0,135.0,128.0,112.0,104.0,53.0,80.0,88.0,79.0,53.0,110.0,86.0,23.0,57.0,24.0,40.0,40.0,63.0,104.0,80.0,68.0,49.0,69.0,104.0,127.0,137.0,70.0,80.0,48.0,85.0,112.0,138.0,140.0,115.0,109.0,44.0,64.0,56.0,8.0,55.0,1675.0,112.0,32.0,81.0,84.0,62.0,72.0,49.0,149.0,124.0,92.0,88.0,64.0,56.0,64.0,46.0,108.0,84.0,91.0,48.0,65.0,80.0,105.0,80.0,80.0,31.0,12.0,54.0,79.0,32.0,16.0,96.0,110.0,59.0,53.0,65.0,120.0,55.0,90.0,88.0,79.0,72.0,164.0,89.0,8.0,80.0,88.0,121.0,123.0,104.0,48.0,8.0,81.0,88.0,112.0,95.0,72.0,107.0,79.0,96.0,95.0,8.0,96.0,143.0,107.0,120.0,112.0,104.0,51.0,22.0,56.0,32.0,8.0,64.0,87.0,49.0,137.0,105.0,82.0,104.0,87.0,104.0,105.0,79.0,97.0,51.0,45.0,105.0,87.0,149.0,101.0,120.0,112.0,88.0,48.0,88.0,126.0,56.0,104.0,63.0,119.0,135.0,132.0,76.0,80.0,40.0,136.0,192.0,120.0,101.0,103.0,72.0,72.0,48.0,64.0,67.0,24.0,28.0,75.0,80.0,111.0,86.0,80.0,136.0,154.0,119.0,128.0,86.0,39.0,80.0,112.0,96.0,96.0,88.0,113.0,118.0,97.0,82.0,104.0,112.0,110.0,30.0,70.0,56.0,58.0,77.0,24.0,92.0,64.0,16.0,72.0,136.0,137.0,127.0,74.0,8.0,127.0,128.0,162.0,79.0,94.0,72.0,64.0,88.0,10.0,41.0,120.0,115.0,53.0,55.0,104.0,72.0,101.0,106.0,82.0,104.0,105.0,71.0,78.0,48.0,76.0,120.0,83.0,80.0,81.0,117.0,101.0,90.0,88.0,65.0,72.0,72.0,16.0,56.0,48.0,94.0,80.0,112.0,120.0,102.0,96.0,80.0,72.0,63.0,66.0,125.0,141.0,80.0,24.0,136.0,99.0,118.0,71.0,41.0,25.0,43.0,65.0,101.0,119.0,85.0,0.0,62.0,104.0,88.0,32.0,88.0,55.0,86.0,64.0,34.0,56.0,112.0,153.0,84.0,47.0,64.0,127.0,96.0,128.0,80.0,29.0,84.0,95.0,85.0,46.0,8.0,64.0,168.0,111.0,95.0,1.0,59.0,70.0,54.0,64.0,91.0,24.0,88.0,79.0,12.0,88.0,101.0,69.0,96.0,108.0,126.0,55.0,73.0,88.0,8.0,48.0,111.0,120.0,123.0,69.0,64.0,72.0,71.0,88.0,91.0,122.0,70.0,58.0,138.0,71.0,44.0,104.0,77.0,85.0,44.0,26.0,80.0,64.0,104.0,104.0,94.0,81.0,32.0,8.0,24.0,56.0,128.0,96.0,112.0,127.0,104.0,64.0,68.0,79.0,56.0,136.0,104.0,88.0,86.0,88.0,112.0,103.0,84.0,97.0,144.0,56.0,64.0,120.0,64.0,58.0,96.0,80.0,43.0,96.0,96.0,32.0,48.0,64.0,98.0,84.0,88.0,88.0,4.0,91.0,38.0,35.0,72.0,73.0,134.0,128.0,118.0,61.0
A11T1LGIWPM9Z1,48.0,80.0,128.0,80.0,64.0,96.0,160.0,112.0,96.0,64.0,96.0,129.0,128.0,112.0,128.0,80.0,112.0,80.0,96.0,64.0,64.0,112.0,144.0,128.0,129.0,87.0,136.0,15.0,63.0,144.0,96.0,113.0,81.0,48.0,47.0,97.0,128.0,80.0,48.0,96.0,80.0,63.0,128.0,112.0,96.0,79.0,96.0,96.0,95.0,64.0,128.0,64.0,112.0,80.0,80.0,112.0,64.0,64.0,80.0,80.0,64.0,96.0,96.0,96.0,48.0,112.0,112.0,96.0,144.0,80.0,128.0,32.0,272.0,16.0,64.0,2.0,96.0,129.0,0.0,48.0,112.0,80.0,32.0,96.0,64.0,96.0,32.0,64.0,144.0,64.0,64.0,80.0,80.0,96.0,112.0,96.0,80.0,112.0,95.0,80.0,96.0,113.0,97.0,95.0,112.0,97.0,63.0,63.0,48.0,79.0,80.0,80.0,128.0,48.0,128.0,48.0,64.0,80.0,1.0,96.0,64.0,37.0,128.0,111.0,32.0,1.0,64.0,112.0,1.0,48.0,80.0,80.0,80.0,96.0,96.0,64.0,112.0,48.0,64.0,64.0,64.0,80.0,128.0,48.0,240.0,64.0,112.0,128.0,96.0,144.0,96.0,128.0,128.0,80.0,112.0,112.0,128.0,160.0,128.0,112.0,113.0,128.0,112.0,144.0,176.0,287.0,144.0,96.0,160.0,144.0,112.0,64.0,64.0,128.0,128.0,80.0,112.0,79.0,64.0,48.0,64.0,129.0,80.0,47.0,65.0,144.0,80.0,1.0,113.0,145.0,96.0,16.0,64.0,112.0,145.0,144.0,176.0,112.0,112.0,63.0,160.0,128.0,80.0,64.0,96.0,112.0,32.0,48.0,144.0,159.0,111.0,143.0,48.0,80.0,64.0,64.0,80.0,96.0,112.0,112.0,144.0,128.0,160.0,95.0,128.0,80.0,80.0,144.0,128.0,144.0,128.0,192.0,144.0,112.0,192.0,112.0,112.0,96.0,128.0,16.0,16.0,128.0,80.0,112.0,145.0,176.0,64.0,80.0,112.0,96.0,112.0,128.0,96.0,80.0,112.0,48.0,64.0,80.0,128.0,160.0,96.0,97.0,48.0,80.0,112.0,64.0,113.0,96.0,112.0,112.0,65.0,65.0,96.0,65.0,97.0,145.0,64.0,129.0,144.0,144.0,128.0,95.0,112.0,64.0,80.0,80.0,64.0,175.0,80.0,176.0,96.0,96.0,176.0,128.0,128.0,95.0,143.0,128.0,96.0,112.0,111.0,80.0,112.0,113.0,96.0,80.0,96.0,96.0,64.0,96.0,96.0,80.0,64.0,112.0,112.0,96.0,96.0,80.0,64.0,64.0,112.0,32.0,32.0,48.0,128.0,112.0,80.0,160.0,80.0,113.0,112.0,32.0,80.0,96.0,96.0,128.0,64.0,112.0,80.0,64.0,64.0,48.0,80.0,64.0,128.0,64.0,64.0,16.0,32.0,96.0,128.0,112.0,63.0,128.0,208.0,48.0,48.0,80.0,80.0,1.0,160.0,16.0,32.0,48.0,64.0,128.0,112.0,112.0,80.0,95.0,96.0,80.0,48.0,64.0,64.0,144.0,79.0,64.0,96.0,128.0,32.0,96.0,112.0,79.0,160.0,80.0,96.0,80.0,127.0,64.0,32.0,80.0,160.0,128.0,80.0,96.0,80.0,112.0,112.0,144.0,128.0,80.0,128.0,96.0,96.0,112.0,64.0,112.0,80.0,48.0,0.0,64.0,128.0,96.0,47.0,64.0,32.0,48.0,79.0,95.0,96.0,128.0,144.0,112.0,80.0,129.0,96.0,97.0,80.0,63.0,96.0,128.0,64.0,129.0,111.0,64.0,112.0,80.0,80.0,48.0,127.0,112.0,32.0,128.0,112.0,111.0,64.0,80.0,32.0,96.0,128.0,112.0,160.0,80.0,160.0,64.0,112.0,176.0,128.0,144.0,176.0,80.0,80.0,96.0,64.0,32.0,1.0,144.0,128.0,64.0,128.0,64.0,80.0,80.0,80.0,112.0,64.0,128.0,80.0,64.0,112.0,80.0,64.0,80.0,112.0,48.0,80.0,112.0,96.0,48.0,64.0,64.0,128.0,96.0,80.0,96.0,113.0,80.0,96.0,96.0,80.0,112.0,175.0
A11T1LGIWPM9Z1,31.0,64.0,32.0,128.0,80.0,128.0,80.0,96.0,112.0,0.0,80.0,96.0,128.0,128.0,96.0,64.0,128.0,128.0,80.0,128.0,96.0,64.0,128.0,64.0,16.0,64.0,128.0,160.0,80.0,128.0,80.0,144.0,48.0,64.0,112.0,144.0,64.0,96.0,32.0,112.0,80.0,80.0,64.0,80.0,128.0,64.0,47.0,96.0,64.0,80.0,112.0,96.0,97.0,96.0,320.0,1.0,112.0,111.0,96.0,80.0,112.0,127.0,112.0,80.0,96.0,128.0,96.0,160.0,50.0,1.0,64.0,32.0,80.0,64.0,48.0,48.0,64.0,80.0,64.0,112.0,68.0,113.0,1.0,1.0,64.0,80.0,1.0,64.0,64.0,64.0,64.0,64.0,64.0,80.0,96.0,0.0,112.0,64.0,48.0,64.0,80.0,0.0,64.0,80.0,128.0,48.0,96.0,80.0,80.0,80.0,80.0,64.0,32.0,2.0,48.0,128.0,96.0,64.0,112.0,128.0,64.0,112.0,96.0,112.0,64.0,96.0,48.0,112.0,128.0,80.0,111.0,111.0,31.0,95.0,128.0,161.0,115.0,125.0,96.0,96.0,65.0,112.0,113.0,96.0,63.0,176.0,112.0,176.0,127.0,128.0,95.0,128.0,80.0,48.0,96.0,80.0,80.0,80.0,80.0,80.0,96.0,64.0,112.0,176.0,95.0,80.0,64.0,384.0,32.0,64.0,80.0,80.0,80.0,176.0,80.0,144.0,32.0,112.0,64.0,80.0,96.0,112.0,64.0,80.0,64.0,96.0,96.0,144.0,1.0,0.0,48.0,64.0,80.0,96.0,80.0,80.0,80.0,48.0,64.0,32.0,96.0,144.0,112.0,144.0,80.0,112.0,80.0,64.0,80.0,97.0,113.0,81.0,128.0,129.0,48.0,80.0,144.0,95.0,64.0,80.0,64.0,1.0,96.0,80.0,64.0,96.0,96.0,128.0,95.0,144.0,96.0,128.0,48.0,80.0,64.0,64.0,16.0,144.0,48.0,32.0,32.0,80.0,96.0,96.0,112.0,111.0,32.0,48.0,96.0,95.0,144.0,96.0,128.0,80.0,64.0,64.0,128.0,128.0,80.0,0.0,144.0,80.0,32.0,96.0,64.0,0.0,128.0,112.0,128.0,96.0,80.0,32.0,96.0,64.0,64.0,176.0,128.0,96.0,96.0,96.0,96.0,64.0,96.0,112.0,80.0,144.0,65.0,97.0,113.0,80.0,113.0,15.0,289.0,1.0,80.0,47.0,161.0,97.0,80.0,127.0,64.0,128.0,112.0,112.0,48.0,112.0,79.0,128.0,96.0,144.0,144.0,48.0,112.0,96.0,96.0,144.0,112.0,112.0,96.0,128.0,160.0,96.0,96.0,112.0,129.0,143.0,16.0,95.0,112.0,96.0,80.0,80.0,64.0,112.0,144.0,48.0,64.0,64.0,80.0,48.0,96.0,64.0,112.0,80.0,80.0,32.0,128.0,112.0,80.0,80.0,144.0,64.0,96.0,32.0,112.0,160.0,64.0,32.0,80.0,96.0,64.0,65.0,128.0,96.0,144.0,112.0,113.0,112.0,127.0,111.0,111.0,129.0,128.0,111.0,127.0,95.0,112.0,127.0,96.0,144.0,96.0,96.0,96.0,128.0,112.0,48.0,96.0,112.0,128.0,160.0,64.0,64.0,96.0,48.0,112.0,16.0,32.0,144.0,64.0,500.0,27.0,80.0,128.0,160.0,95.0,80.0,112.0,96.0,48.0,96.0,96.0,176.0,96.0,96.0,112.0,144.0,127.0,64.0,144.0,128.0,96.0,64.0,128.0,144.0,112.0,80.0,129.0,2.0,16.0,176.0,16.0,80.0,64.0,64.0,64.0,48.0,112.0,48.0,96.0,160.0,80.0,400.0,32.0,80.0,64.0,112.0,97.0,81.0,96.0,65.0,81.0,80.0,31.0,97.0,96.0,80.0,0.0,31.0,95.0,79.0,81.0,64.0,80.0,128.0,112.0,112.0,80.0,80.0,48.0,112.0,128.0,112.0,1.0,112.0,64.0,64.0,64.0,160.0,111.0,96.0,64.0,96.0,144.0,48.0,112.0,96.0,64.0,64.0,64.0,32.0,48.0,112.0,144.0,112.0,112.0,143.0,160.0,160.0,48.0,112.0,144.0,224.0,128.0,128.0
A11T1LGIWPM9Z1,63.0,96.0,31.0,111.0,64.0,79.0,97.0,177.0,128.0,95.0,48.0,48.0,64.0,80.0,128.0,96.0,127.0,128.0,96.0,112.0,64.0,96.0,112.0,80.0,48.0,64.0,48.0,64.0,48.0,80.0,64.0,80.0,64.0,80.0,80.0,97.0,48.0,80.0,144.0,80.0,48.0,64.0,80.0,64.0,80.0,32.0,47.0,113.0,65.0,96.0,81.0,95.0,112.0,144.0,96.0,128.0,97.0,129.0,96.0,144.0,128.0,79.0,128.0,81.0,80.0,111.0,112.0,112.0,96.0,32.0,112.0,32.0,368.0,32.0,48.0,64.0,96.0,96.0,144.0,64.0,80.0,112.0,144.0,1.0,64.0,80.0,64.0,128.0,95.0,1.0,64.0,64.0,48.0,48.0,128.0,96.0,80.0,64.0,80.0,64.0,62.0,32.0,80.0,112.0,64.0,96.0,96.0,2.0,32.0,64.0,80.0,112.0,64.0,80.0,96.0,80.0,80.0,64.0,80.0,160.0,112.0,96.0,128.0,64.0,32.0,48.0,16.0,80.0,96.0,112.0,96.0,64.0,64.0,112.0,96.0,144.0,64.0,209.0,144.0,64.0,96.0,96.0,128.0,63.0,113.0,80.0,80.0,96.0,96.0,144.0,128.0,16.0,80.0,80.0,96.0,48.0,96.0,96.0,64.0,415.0,48.0,64.0,192.0,1.0,48.0,448.0,16.0,80.0,96.0,64.0,16.0,64.0,64.0,64.0,32.0,145.0,80.0,112.0,80.0,128.0,80.0,80.0,128.0,96.0,112.0,96.0,80.0,96.0,64.0,96.0,0.0,80.0,144.0,96.0,129.0,128.0,63.0,80.0,64.0,64.0,81.0,81.0,65.0,64.0,63.0,97.0,128.0,80.0,145.0,63.0,96.0,96.0,32.0,96.0,96.0,79.0,16.0,112.0,112.0,47.0,80.0,63.0,64.0,96.0,80.0,48.0,176.0,160.0,80.0,80.0,64.0,64.0,64.0,64.0,96.0,80.0,112.0,112.0,80.0,128.0,80.0,64.0,48.0,112.0,48.0,80.0,32.0,0.0,112.0,80.0,80.0,80.0,96.0,64.0,112.0,80.0,64.0,160.0,112.0,48.0,32.0,144.0,112.0,47.0,112.0,49.0,31.0,113.0,0.0,97.0,65.0,64.0,31.0,64.0,49.0,49.0,127.0,96.0,97.0,97.0,192.0,144.0,112.0,112.0,112.0,96.0,160.0,47.0,97.0,112.0,48.0,128.0,96.0,112.0,48.0,15.0,112.0,160.0,32.0,16.0,128.0,80.0,96.0,128.0,144.0,128.0,80.0,128.0,128.0,96.0,192.0,143.0,32.0,96.0,96.0,80.0,144.0,64.0,81.0,80.0,112.0,160.0,64.0,112.0,64.0,96.0,144.0,33.0,112.0,64.0,96.0,96.0,80.0,80.0,79.0,144.0,96.0,128.0,96.0,96.0,80.0,96.0,64.0,112.0,112.0,96.0,48.0,112.0,63.0,97.0,48.0,96.0,80.0,96.0,47.0,97.0,65.0,80.0,80.0,96.0,111.0,144.0,112.0,96.0,97.0,81.0,112.0,112.0,112.0,80.0,80.0,64.0,96.0,128.0,96.0,112.0,144.0,80.0,64.0,64.0,160.0,95.0,64.0,80.0,64.0,96.0,64.0,128.0,64.0,48.0,64.0,112.0,80.0,80.0,144.0,48.0,499.0,33.0,33.0,33.0,33.0,33.0,33.0,33.0,64.0,384.0,176.0,32.0,96.0,32.0,48.0,64.0,48.0,401.0,96.0,96.0,16.0,48.0,48.0,80.0,64.0,384.0,0.0,0.0,64.0,0.0,16.0,48.0,32.0,32.0,112.0,16.0,96.0,32.0,96.0,288.0,79.0,80.0,208.0,48.0,80.0,33.0,33.0,33.0,33.0,33.0,33.0,33.0,33.0,33.0,33.0,33.0,33.0,21.0,32.0,96.0,80.0,81.0,80.0,64.0,32.0,80.0,65.0,97.0,112.0,112.0,49.0,65.0,97.0,111.0,97.0,64.0,128.0,96.0,96.0,128.0,64.0,160.0,112.0,80.0,112.0,96.0,127.0,95.0,1.0,111.0,80.0,48.0,16.0,112.0,112.0,80.0,111.0,112.0,112.0,48.0,96.0,96.0,96.0,128.0,64.0,80.0,96.0,96.0
A11T1LGIWPM9Z1,32.0,112.0,192.0,80.0,96.0,64.0,144.0,128.0,96.0,80.0,112.0,145.0,144.0,64.0,112.0,96.0,80.0,48.0,96.0,32.0,48.0,128.0,128.0,128.0,144.0,80.0,64.0,64.0,64.0,96.0,95.0,128.0,80.0,64.0,63.0,48.0,64.0,64.0,49.0,48.0,96.0,79.0,128.0,80.0,80.0,112.0,96.0,144.0,111.0,96.0,144.0,80.0,80.0,80.0,80.0,48.0,48.0,160.0,80.0,64.0,48.0,96.0,80.0,96.0,80.0,96.0,96.0,64.0,64.0,64.0,48.0,80.0,64.0,64.0,48.0,80.0,128.0,80.0,112.0,96.0,80.0,96.0,112.0,63.0,129.0,65.0,177.0,96.0,65.0,96.0,145.0,80.0,63.0,47.0,129.0,112.0,79.0,113.0,96.0,127.0,112.0,96.0,128.0,97.0,48.0,64.0,96.0,96.0,48.0,96.0,127.0,95.0,143.0,112.0,112.0,95.0,64.0,80.0,96.0,96.0,159.0,80.0,128.0,127.0,80.0,112.0,64.0,96.0,112.0,63.0,143.0,79.0,16.0,32.0,64.0,144.0,95.0,64.0,80.0,128.0,64.0,80.0,160.0,80.0,112.0,64.0,112.0,64.0,96.0,80.0,112.0,80.0,96.0,64.0,128.0,64.0,208.0,80.0,80.0,176.0,112.0,80.0,96.0,96.0,97.0,80.0,128.0,96.0,65.0,128.0,96.0,64.0,96.0,80.0,63.0,128.0,95.0,128.0,64.0,80.0,96.0,48.0,112.0,80.0,112.0,144.0,176.0,96.0,112.0,144.0,111.0,32.0,64.0,96.0,64.0,127.0,80.0,96.0,176.0,64.0,96.0,112.0,128.0,80.0,80.0,144.0,128.0,128.0,128.0,81.0,128.0,96.0,96.0,16.0,64.0,65.0,80.0,96.0,64.0,64.0,80.0,128.0,96.0,144.0,48.0,80.0,80.0,96.0,96.0,65.0,80.0,80.0,113.0,112.0,133.0,111.0,112.0,48.0,65.0,112.0,97.0,96.0,129.0,48.0,64.0,112.0,96.0,96.0,96.0,128.0,128.0,1.0,64.0,80.0,80.0,80.0,128.0,80.0,32.0,96.0,128.0,79.0,144.0,48.0,128.0,79.0,48.0,48.0,96.0,112.0,95.0,112.0,80.0,64.0,144.0,64.0,112.0,95.0,96.0,128.0,48.0,64.0,80.0,64.0,80.0,96.0,80.0,112.0,112.0,112.0,80.0,96.0,128.0,64.0,48.0,80.0,80.0,144.0,64.0,113.0,128.0,96.0,80.0,80.0,96.0,32.0,80.0,80.0,80.0,112.0,80.0,112.0,128.0,64.0,64.0,80.0,65.0,81.0,113.0,111.0,64.0,128.0,112.0,113.0,97.0,112.0,111.0,111.0,112.0,96.0,81.0,127.0,128.0,31.0,80.0,96.0,48.0,32.0,80.0,96.0,79.0,80.0,96.0,96.0,95.0,48.0,64.0,80.0,144.0,80.0,64.0,16.0,32.0,128.0,127.0,80.0,48.0,32.0,64.0,64.0,64.0,96.0,112.0,96.0,64.0,480.0,48.0,0.0,96.0,96.0,160.0,79.0,0.0,1.0,64.0,48.0,48.0,64.0,32.0,64.0,128.0,0.0,32.0,64.0,64.0,96.0,112.0,96.0,64.0,96.0,80.0,48.0,64.0,144.0,48.0,80.0,32.0,160.0,80.0,96.0,80.0,96.0,80.0,96.0,2.0,63.0,176.0,144.0,64.0,64.0,49.0,65.0,63.0,80.0,80.0,96.0,32.0,112.0,128.0,143.0,48.0,96.0,80.0,80.0,64.0,48.0,63.0,80.0,80.0,96.0,80.0,48.0,80.0,80.0,144.0,128.0,112.0,160.0,79.0,16.0,16.0,48.0,96.0,95.0,112.0,80.0,32.0,80.0,96.0,96.0,96.0,112.0,112.0,96.0,95.0,64.0,64.0,80.0,64.0,64.0,80.0,112.0,0.0,144.0,48.0,48.0,64.0,112.0,80.0,0.0,128.0,97.0,32.0,112.0,112.0,128.0,64.0,96.0,96.0,96.0,112.0,64.0,160.0,112.0,112.0,48.0,64.0,80.0,96.0,63.0,96.0,96.0,80.0,113.0,127.0,129.0,192.0,65.0,80.0,65.0,64.0,15.0,1.0
A145PJ769UGAID,40.0,55.0,56.0,98.0,99.0,72.0,39.0,41.0,65.0,63.0,49.0,16.0,49.0,63.0,103.0,57.0,41.0,64.0,104.0,112.0,80.0,88.0,73.0,88.0,95.0,80.0,96.0,102.0,97.0,32.0,103.0,41.0,40.0,48.0,56.0,64.0,71.0,79.0,65.0,39.0,24.0,48.0,80.0,73.0,105.0,81.0,81.0,73.0,79.0,71.0,57.0,40.0,57.0,8.0,32.0,55.0,57.0,56.0,33.0,110.0,63.0,86.0,119.0,17.0,17.0,7.0,81.0,72.0,80.0,96.0,64.0,87.0,72.0,71.0,56.0,102.0,32.0,25.0,32.0,57.0,120.0,129.0,80.0,80.0,48.0,64.0,72.0,104.0,78.0,72.0,89.0,79.0,88.0,80.0,118.0,87.0,209.0,25.0,72.0,81.0,23.0,8.0,24.0,7.0,70.0,94.0,39.0,49.0,110.0,72.0,62.0,40.0,80.0,72.0,40.0,73.0,75.0,33.0,34.0,7.0,48.0,80.0,96.0,96.0,64.0,88.0,94.0,88.0,88.0,89.0,25.0,79.0,56.0,56.0,48.0,41.0,8.0,31.0,56.0,64.0,102.0,68.0,17.0,56.0,79.0,80.0,56.0,72.0,80.0,96.0,81.0,48.0,65.0,88.0,65.0,8.0,56.0,79.0,63.0,63.0,78.0,65.0,80.0,86.0,89.0,64.0,104.0,88.0,80.0,81.0,104.0,71.0,87.0,40.0,64.0,64.0,57.0,73.0,92.0,9.0,24.0,1.0,65.0,88.0,65.0,64.0,50.0,48.0,79.0,104.0,94.0,86.0,23.0,48.0,48.0,65.0,103.0,62.0,104.0,96.0,112.0,79.0,71.0,88.0,120.0,66.0,26.0,17.0,112.0,80.0,87.0,65.0,65.0,65.0,17.0,32.0,15.0,7.0,8.0,71.0,81.0,57.0,89.0,96.0,24.0,8.0,89.0,48.0,102.0,71.0,63.0,64.0,48.0,72.0,33.0,73.0,81.0,68.0,72.0,72.0,95.0,105.0,88.0,72.0,65.0,49.0,89.0,97.0,48.0,26.0,72.0,47.0,41.0,70.0,78.0,87.0,23.0,23.0,81.0,25.0,32.0,121.0,103.0,73.0,113.0,112.0,88.0,103.0,71.0,80.0,65.0,97.0,63.0,87.0,103.0,16.0,49.0,158.0,80.0,48.0,73.0,47.0,81.0,79.0,72.0,39.0,26.0,15.0,31.0,63.0,50.0,80.0,88.0,96.0,64.0,40.0,56.0,41.0,110.0,79.0,72.0,70.0,63.0,54.0,72.0,57.0,88.0,79.0,113.0,71.0,90.0,81.0,64.0,81.0,73.0,16.0,32.0,64.0,48.0,71.0,87.0,119.0,80.0,31.0,105.0,57.0,54.0,80.0,63.0,88.0,104.0,127.0,73.0,72.0,57.0,126.0,79.0,94.0,46.0,97.0,78.0,63.0,97.0,49.0,79.0,72.0,64.0,56.0,65.0,66.0,57.0,98.0,63.0,120.0,104.0,71.0,70.0,102.0,81.0,79.0,64.0,54.0,64.0,72.0,71.0,64.0,120.0,40.0,50.0,65.0,63.0,32.0,16.0,23.0,64.0,96.0,15.0,17.0,8.0,48.0,56.0,68.0,57.0,48.0,41.0,40.0,80.0,72.0,50.0,41.0,49.0,65.0,32.0,78.0,73.0,87.0,31.0,39.0,71.0,72.0,36.0,48.0,64.0,74.0,63.0,102.0,78.0,72.0,80.0,79.0,79.0,39.0,48.0,63.0,63.0,78.0,82.0,110.0,95.0,95.0,56.0,104.0,96.0,63.0,25.0,50.0,41.0,72.0,81.0,26.0,32.0,80.0,72.0,62.0,88.0,87.0,96.0,55.0,71.0,73.0,38.0,49.0,105.0,128.0,64.0,72.0,33.0,96.0,98.0,8.0,43.0,80.0,48.0,57.0,64.0,63.0,95.0,16.0,34.0,57.0,88.0,49.0,74.0,50.0,40.0,96.0,40.0,72.0,49.0,71.0,88.0,88.0,104.0,94.0,88.0,101.0,112.0,63.0,73.0,39.0,48.0,40.0,112.0,103.0,112.0,88.0,79.0,73.0,71.0,32.0,57.0,39.0,49.0,9.0,56.0,39.0
A145PJ769UGAID,7.0,105.0,120.0,80.0,58.0,75.0,102.0,56.0,96.0,66.0,8.0,15.0,58.0,56.0,81.0,50.0,55.0,104.0,3.0,0.0,53.0,81.0,55.0,72.0,71.0,96.0,96.0,111.0,72.0,8.0,129.0,15.0,23.0,66.0,73.0,64.0,64.0,79.0,72.0,46.0,56.0,111.0,72.0,103.0,33.0,81.0,55.0,105.0,32.0,47.0,112.0,110.0,80.0,104.0,65.0,108.0,80.0,111.0,104.0,80.0,97.0,93.0,58.0,24.0,71.0,96.0,104.0,104.0,88.0,96.0,102.0,104.0,111.0,81.0,88.0,105.0,80.0,120.0,88.0,120.0,96.0,72.0,80.0,118.0,96.0,72.0,78.0,95.0,87.0,103.0,96.0,105.0,24.0,72.0,87.0,78.0,119.0,72.0,94.0,95.0,97.0,102.0,65.0,120.0,70.0,47.0,40.0,48.0,71.0,96.0,113.0,72.0,119.0,80.0,114.0,89.0,120.0,96.0,95.0,95.0,104.0,80.0,104.0,23.0,40.0,96.0,89.0,105.0,79.0,55.0,88.0,80.0,88.0,72.0,87.0,103.0,97.0,97.0,66.0,80.0,64.0,39.0,72.0,41.0,102.0,71.0,31.0,96.0,102.0,120.0,9.0,95.0,97.0,79.0,168.0,87.0,128.0,80.0,95.0,87.0,96.0,72.0,88.0,88.0,79.0,49.0,73.0,78.0,63.0,58.0,64.0,16.0,64.0,103.0,80.0,111.0,104.0,120.0,80.0,47.0,73.0,96.0,89.0,57.0,88.0,93.0,118.0,119.0,104.0,81.0,80.0,111.0,103.0,90.0,49.0,24.0,112.0,70.0,105.0,73.0,80.0,128.0,103.0,113.0,78.0,88.0,97.0,63.0,57.0,57.0,128.0,81.0,72.0,89.0,79.0,73.0,56.0,64.0,96.0,112.0,80.0,8.0,31.0,96.0,96.0,72.0,56.0,136.0,95.0,95.0,80.0,96.0,94.0,70.0,17.0,32.0,97.0,88.0,113.0,110.0,62.0,368.0,16.0,64.0,56.0,81.0,49.0,50.0,65.0,50.0,82.0,62.0,64.0,78.0,56.0,41.0,96.0,33.0,73.0,88.0,54.0,54.0,73.0,89.0,64.0,38.0,56.0,86.0,95.0,103.0,87.0,87.0,64.0,95.0,112.0,121.0,86.0,80.0,72.0,97.0,97.0,97.0,96.0,49.0,81.0,78.0,48.0,104.0,120.0,81.0,62.0,32.0,72.0,72.0,95.0,80.0,88.0,94.0,81.0,72.0,73.0,78.0,80.0,63.0,88.0,80.0,40.0,144.0,24.0,40.0,33.0,49.0,63.0,41.0,50.0,1.0,72.0,73.0,67.0,57.0,109.0,87.0,71.0,49.0,56.0,32.0,73.0,47.0,57.0,79.0,95.0,104.0,57.0,39.0,79.0,48.0,8.0,104.0,89.0,104.0,71.0,32.0,33.0,71.0,70.0,87.0,40.0,97.0,73.0,25.0,104.0,89.0,88.0,127.0,72.0,81.0,81.0,64.0,93.0,81.0,7.0,32.0,103.0,73.0,72.0,73.0,72.0,64.0,119.0,48.0,66.0,78.0,49.0,64.0,80.0,97.0,70.0,49.0,40.0,56.0,65.0,65.0,49.0,23.0,33.0,26.0,41.0,48.0,79.0,71.0,49.0,64.0,25.0,21.0,40.0,32.0,56.0,150.0,112.0,23.0,97.0,41.0,55.0,63.0,96.0,103.0,105.0,69.0,88.0,69.0,48.0,95.0,81.0,33.0,56.0,87.0,87.0,82.0,76.0,81.0,80.0,55.0,96.0,121.0,55.0,72.0,48.0,135.0,80.0,56.0,88.0,94.0,126.0,130.0,64.0,80.0,88.0,40.0,57.0,73.0,96.0,88.0,72.0,52.0,50.0,32.0,24.0,64.0,63.0,105.0,80.0,81.0,117.0,86.0,96.0,74.0,65.0,77.0,104.0,79.0,104.0,110.0,88.0,79.0,80.0,97.0,72.0,39.0,87.0,112.0,120.0,112.0,71.0,73.0,104.0,119.0,96.0,102.0,30.0,142.0,80.0,63.0,88.0,127.0,88.0,105.0,46.0,73.0,105.0,95.0,80.0,15.0,103.0,73.0,78.0,95.0
A145PJ769UGAID,40.0,111.0,113.0,89.0,74.0,111.0,95.0,89.0,72.0,80.0,71.0,71.0,73.0,64.0,80.0,500.0,83.0,7.0,135.0,48.0,24.0,16.0,96.0,93.0,63.0,72.0,72.0,70.0,54.0,3.0,32.0,56.0,88.0,78.0,70.0,70.0,79.0,112.0,106.0,63.0,62.0,111.0,42.0,65.0,71.0,96.0,63.0,81.0,64.0,57.0,64.0,81.0,729.0,4.0,3.0,87.0,70.0,94.0,88.0,97.0,95.0,119.0,96.0,88.0,113.0,87.0,80.0,80.0,87.0,62.0,31.0,500.0,83.0,82.0,65.0,31.0,1.0,76.0,121.0,34.0,65.0,34.0,72.0,72.0,64.0,95.0,89.0,32.0,57.0,103.0,65.0,71.0,72.0,64.0,95.0,72.0,119.0,120.0,126.0,127.0,96.0,56.0,1.0,88.0,121.0,25.0,40.0,82.0,7.0,63.0,95.0,54.0,66.0,110.0,72.0,87.0,41.0,48.0,48.0,48.0,73.0,34.0,25.0,24.0,7.0,47.0,70.0,106.0,95.0,104.0,113.0,79.0,59.0,72.0,57.0,47.0,111.0,55.0,48.0,55.0,58.0,9.0,39.0,41.0,104.0,47.0,88.0,8.0,4.0,54.0,55.0,32.0,85.0,64.0,71.0,79.0,71.0,56.0,104.0,64.0,65.0,119.0,8.0,24.0,88.0,111.0,16.0,80.0,96.0,153.0,112.0,127.0,96.0,112.0,103.0,127.0,89.0,72.0,49.0,71.0,49.0,113.0,127.0,127.0,62.0,48.0,72.0,439.0,87.0,56.0,47.0,32.0,80.0,66.0,16.0,33.0,8.0,47.0,48.0,88.0,88.0,31.0,87.0,78.0,96.0,96.0,127.0,159.0,119.0,95.0,63.0,55.0,87.0,71.0,72.0,80.0,144.0,73.0,65.0,79.0,82.0,500.0,83.0,83.0,83.0,231.0,120.0,40.0,185.0,16.0,1312.0,16.0,24.0,360.0,14.0,144.0,8.0,88.0,49.0,14.0,2361.0,31.0,42.0,39.0,18.0,24.0,47.0,54.0,1.0,32.0,1.0,24.0,39.0,2.0,23.0,14.0,64.0,36.0,33.0,74.0,15.0,3984.0,194.0,265.0,112.0,46.0,9.0,32.0,8.0,56.0,58.0,33.0,33.0,41.0,49.0,122.0,62.0,113.0,16.0,23.0,47.0,8.0,41.0,31.0,23.0,63.0,96.0,16.0,17.0,73.0,14.0,46.0,114.0,48.0,24.0,42.0,8.0,9915.0,151.0,120.0,88.0,57.0,72.0,1.0,64.0,41.0,73.0,54.0,2.0,71.0,112.0,129.0,89.0,63.0,64.0,56.0,48.0,95.0,87.0,111.0,106.0,89.0,177.0,24.0,126.0,169.0,88.0,71.0,102.0,167.0,126.0,144.0,86.0,128.0,40.0,90.0,32.0,24.0,88.0,48.0,88.0,102.0,54.0,81.0,89.0,80.0,104.0,97.0,58.0,127.0,3241.0,505.0,87.0,169.0,38.0,9.0,265.0,208.0,15.0,81.0,31.0,30.0,2.0,7.0,96.0,17.0,32.0,46.0,32.0,24.0,32.0,14.0,31.0,54.0,39.0,8264.0,41.0,47.0,33.0,33.0,28.0,72.0,30.0,47.0,17.0,57.0,224.0,74.0,337.0,672.0,114.0,87.0,41.0,104.0,7.0,31.0,79.0,57.0,65.0,80.0,9.0,186.0,90.0,88.0,80.0,89.0,73.0,25.0,64.0,8.0,66.0,152.0,40.0,34.0,16.0,1.0,49.0,39.0,8.0,16.0,65.0,120.0,208.0,274.0,31.0,22.0,41.0,25.0,15.0,25.0,33.0,55.0,16.0,17.0,15.0,81.0,49.0,32.0,129.0,15.0,232.0,110.0,1344.0,520.0,896.0,104.0,385.0,87.0,16.0,41.0,56.0,8.0,33.0,15.0,14.0,31.0,25.0,30.0,9.0,33.0,17.0,8.0,79.0,121.0,82.0,497.0,129.0,113.0,57.0,193.0,88.0,185.0,81.0,123.0,30.0,3976.0,361.0,129.0,279.0,79.0,81.0,22.0,650.0,112.0,121.0,600.0,71.0,33.0,249.0,14.0,527.0,1520.0,83.0,84.0,738.0,84.0
A145PJ769UGAID,14.0,96.0,103.0,64.0,64.0,55.0,73.0,55.0,65.0,48.0,42.0,24.0,81.0,48.0,79.0,74.0,32.0,80.0,138.0,69.0,88.0,79.0,33.0,64.0,72.0,57.0,72.0,80.0,178.0,41.0,56.0,113.0,87.0,72.0,71.0,64.0,78.0,79.0,80.0,56.0,64.0,72.0,81.0,144.0,73.0,112.0,56.0,105.0,47.0,8.0,86.0,90.0,112.0,49.0,72.0,65.0,90.0,80.0,63.0,72.0,70.0,64.0,80.0,42.0,73.0,73.0,65.0,96.0,64.0,135.0,94.0,74.0,80.0,126.0,104.0,103.0,72.0,105.0,88.0,88.0,88.0,80.0,80.0,168.0,104.0,129.0,65.0,56.0,87.0,103.0,95.0,351.0,16.0,87.0,103.0,63.0,57.0,79.0,88.0,81.0,40.0,40.0,59.0,8.0,104.0,65.0,80.0,17.0,57.0,64.0,63.0,41.0,64.0,88.0,45.0,103.0,78.0,120.0,87.0,55.0,70.0,1.0,16.0,73.0,72.0,71.0,86.0,120.0,88.0,79.0,87.0,64.0,39.0,57.0,87.0,88.0,104.0,151.0,96.0,71.0,88.0,96.0,40.0,87.0,105.0,72.0,105.0,56.0,94.0,80.0,72.0,104.0,97.0,15.0,88.0,500.0,82.0,84.0,1025.0,71.0,48.0,2.0,71.0,32.0,96.0,1.0,30.0,314.0,7.0,15.0,13.0,24.0,23.0,643.0,84.0,84.0,85.0,83.0,800.0,880.0,2.0,25.0,7.0,56.0,1721.0,9.0,7.0,112.0,18.0,16.0,1.0,8.0,8.0,15.0,2.0,87.0,16.0,8.0,112.0,40.0,217.0,48.0,7.0,40.0,70.0,8.0,7.0,72.0,80.0,47.0,192.0,96.0,170.0,48.0,24.0,97.0,121.0,23.0,39.0,24.0,9.0,65.0,25.0,121.0,15.0,48.0,337.0,304.0,215.0,120.0,137.0,39.0,14.0,14.0,41.0,21.0,168.0,96.0,98.0,80.0,96.0,233.0,81.0,112.0,16.0,15.0,24.0,2.0,16.0,61.0,1.0,87.0,145.0,273.0,161.0,31.0,176.0,48.0,2.0,31.0,1.0,41.0,112.0,63.0,2874.0,17660.0,80.0,47.0,16.0,10.0,1.0,98.0,39.0,23.0,25.0,57.0,32.0,16.0,8.0,128.0,87.0,97.0,38.0,31.0,24.0,2.0,34.0,3.0,33.0,16.0,24.0,33.0,31.0,31.0,48.0,25.0,137.0,7.0,8.0,42.0,58.0,25.0,57.0,233.0,129.0,97.0,31.0,8.0,15.0,7.0,16.0,30.0,30.0,120.0,23.0,31.0,22.0,105.0,305.0,25.0,320.0,33.0,42.0,73.0,8.0,48.0,16.0,7.0,66.0,55.0,30.0,89.0,31.0,6.0,62.0,31.0,41.0,7.0,14.0,31.0,53.0,1337.0,22.0,26.0,40.0,217.0,23.0,56.0,16.0,32.0,2.0,40.0,39.0,47.0,89.0,81.0,71.0,32.0,30.0,23.0,264.0,88.0,105.0,16.0,9.0,8.0,104.0,57.0,3.0,112.0,95.0,112.0,65.0,23.0,23.0,41.0,8.0,72.0,24.0,15.0,1680.0,15.0,24.0,81.0,24.0,176.0,129.0,23.0,112.0,50.0,1641.0,48.0,39.0,33.0,8.0,7.0,17.0,3.0,14.0,991.0,7.0,49.0,46.0,80.0,39.0,86.0,25.0,38.0,48.0,360.0,48.0,47.0,26.0,63.0,24.0,17.0,17.0,23.0,34.0,25.0,70.0,15.0,55.0,2.0,72.0,81.0,58.0,2.0,16.0,50.0,7.0,9.0,24.0,57.0,47.0,15.0,57.0,104.0,104.0,8.0,1.0,31.0,64.0,104.0,88.0,383.0,81.0,8.0,247.0,10.0,57.0,9.0,48.0,1.0,56.0,2.0,32.0,289.0,89.0,11963.0,265.0,73.0,46.0,17.0,32.0,50.0,32.0,40.0,88.0,704.0,97.0,241.0,72.0,330.0,64.0,8.0,41.0,8.0,32.0,64.0,30.0,56.0,8.0,9.0,14.0,15.0,96.0,15.0,24.0,97.0,2.0,17.0,48.0,2.0,14.0,1409.0
A161NZP385W1TX,32.0,25.0,88.0,95.0,81.0,96.0,72.0,80.0,80.0,55.0,48.0,79.0,79.0,79.0,72.0,80.0,79.0,120.0,64.0,79.0,71.0,71.0,56.0,89.0,88.0,79.0,63.0,80.0,57.0,64.0,72.0,72.0,65.0,55.0,72.0,103.0,72.0,88.0,88.0,89.0,64.0,64.0,72.0,64.0,63.0,56.0,64.0,71.0,88.0,48.0,72.0,64.0,64.0,88.0,80.0,56.0,80.0,48.0,16.0,64.0,80.0,80.0,72.0,71.0,56.0,104.0,79.0,104.0,72.0,64.0,56.0,96.0,96.0,64.0,64.0,80.0,72.0,72.0,80.0,72.0,64.0,72.0,72.0,112.0,87.0,88.0,65.0,64.0,80.0,80.0,64.0,95.0,87.0,72.0,71.0,48.0,72.0,96.0,111.0,87.0,80.0,79.0,71.0,72.0,81.0,64.0,65.0,71.0,71.0,72.0,64.0,88.0,88.0,64.0,72.0,127.0,529.0,56.0,63.0,72.0,71.0,103.0,64.0,64.0,88.0,96.0,64.0,48.0,71.0,64.0,39.0,70.0,65.0,80.0,80.0,112.0,56.0,72.0,56.0,56.0,64.0,63.0,64.0,80.0,56.0,88.0,96.0,96.0,80.0,56.0,88.0,72.0,64.0,56.0,32.0,48.0,65.0,73.0,72.0,88.0,64.0,72.0,72.0,48.0,48.0,40.0,65.0,56.0,23.0,55.0,63.0,79.0,65.0,96.0,71.0,88.0,72.0,48.0,65.0,64.0,56.0,47.0,24.0,39.0,95.0,72.0,121.0,49.0,72.0,79.0,80.0,40.0,72.0,48.0,64.0,48.0,63.0,48.0,32.0,120.0,87.0,72.0,79.0,71.0,79.0,72.0,80.0,40.0,40.0,64.0,56.0,72.0,80.0,80.0,72.0,40.0,48.0,88.0,56.0,72.0,48.0,48.0,40.0,64.0,72.0,56.0,56.0,80.0,88.0,88.0,104.0,48.0,79.0,48.0,56.0,71.0,56.0,81.0,95.0,63.0,48.0,71.0,120.0,88.0,72.0,63.0,41.0,31.0,80.0,64.0,72.0,79.0,87.0,48.0,48.0,64.0,71.0,96.0,72.0,63.0,16.0,79.0,105.0,72.0,95.0,79.0,64.0,95.0,69.0,80.0,57.0,64.0,32.0,72.0,72.0,64.0,64.0,24.0,56.0,48.0,63.0,88.0,64.0,64.0,64.0,24.0,64.0,72.0,88.0,86.0,72.0,72.0,88.0,40.0,88.0,56.0,80.0,80.0,96.0,32.0,112.0,64.0,80.0,71.0,64.0,79.0,80.0,112.0,88.0,95.0,128.0,64.0,89.0,71.0,71.0,32.0,31.0,80.0,48.0,80.0,80.0,95.0,71.0,72.0,64.0,71.0,87.0,96.0,8.0,103.0,47.0,79.0,104.0,72.0,63.0,56.0,64.0,63.0,71.0,71.0,95.0,88.0,80.0,80.0,87.0,65.0,40.0,40.0,64.0,40.0,16.0,9.0,32.0,80.0,96.0,56.0,56.0,71.0,72.0,80.0,32.0,63.0,72.0,72.0,72.0,80.0,88.0,79.0,88.0,64.0,105.0,104.0,72.0,72.0,88.0,80.0,71.0,64.0,112.0,65.0,48.0,48.0,56.0,64.0,47.0,56.0,79.0,80.0,104.0,112.0,23.0,64.0,72.0,72.0,63.0,55.0,71.0,63.0,64.0,41.0,63.0,63.0,72.0,80.0,72.0,72.0,40.0,80.0,72.0,15.0,40.0,88.0,15.0,40.0,63.0,72.0,72.0,64.0,88.0,64.0,48.0,64.0,80.0,72.0,39.0,56.0,72.0,48.0,56.0,41.0,88.0,72.0,64.0,88.0,53.0,80.0,96.0,72.0,72.0,63.0,72.0,64.0,96.0,88.0,88.0,104.0,16.0,16.0,112.0,80.0,96.0,56.0,48.0,64.0,96.0,104.0,79.0,64.0,80.0,135.0,112.0,96.0,48.0,40.0,48.0,80.0,63.0,64.0,72.0,111.0,361.0,64.0,64.0,41.0,64.0,71.0,72.0,48.0,104.0,88.0,79.0,40.0,41.0,56.0,80.0,71.0,73.0,79.0,64.0,48.0,72.0,88.0,56.0,72.0,79.0,80.0,49.0,62.0,87.0,79.0,88.0
A161NZP385W1TX,49.0,73.0,73.0,73.0,112.0,95.0,80.0,56.0,79.0,56.0,80.0,87.0,73.0,80.0,103.0,80.0,72.0,63.0,63.0,48.0,96.0,64.0,64.0,64.0,72.0,88.0,48.0,63.0,63.0,56.0,64.0,72.0,80.0,64.0,24.0,24.0,64.0,65.0,79.0,88.0,79.0,80.0,41.0,64.0,64.0,64.0,79.0,48.0,56.0,32.0,8.0,96.0,72.0,64.0,72.0,32.0,40.0,48.0,65.0,64.0,79.0,80.0,96.0,32.0,64.0,104.0,40.0,56.0,95.0,80.0,81.0,55.0,120.0,56.0,63.0,55.0,79.0,71.0,64.0,56.0,79.0,63.0,95.0,88.0,56.0,88.0,88.0,23.0,48.0,103.0,88.0,88.0,127.0,151.0,79.0,72.0,48.0,1.0,71.0,80.0,64.0,72.0,64.0,56.0,97.0,64.0,88.0,64.0,48.0,88.0,64.0,32.0,23.0,64.0,56.0,73.0,63.0,64.0,55.0,88.0,104.0,64.0,64.0,72.0,24.0,40.0,104.0,64.0,64.0,88.0,63.0,64.0,64.0,88.0,55.0,87.0,71.0,56.0,105.0,112.0,80.0,65.0,57.0,72.0,80.0,80.0,121.0,113.0,80.0,48.0,65.0,40.0,47.0,56.0,63.0,80.0,64.0,71.0,87.0,57.0,127.0,88.0,79.0,81.0,64.0,104.0,95.0,64.0,57.0,41.0,56.0,87.0,7.0,0.0,80.0,48.0,56.0,24.0,56.0,96.0,71.0,63.0,112.0,56.0,56.0,48.0,88.0,48.0,40.0,71.0,96.0,80.0,72.0,64.0,88.0,80.0,64.0,72.0,64.0,48.0,32.0,48.0,80.0,72.0,64.0,72.0,56.0,16.0,64.0,96.0,97.0,56.0,56.0,40.0,65.0,104.0,104.0,96.0,65.0,56.0,71.0,81.0,64.0,63.0,88.0,55.0,64.0,81.0,8.0,24.0,40.0,80.0,73.0,89.0,80.0,73.0,88.0,87.0,64.0,41.0,40.0,64.0,72.0,96.0,72.0,80.0,79.0,87.0,64.0,47.0,64.0,95.0,47.0,79.0,71.0,56.0,56.0,64.0,72.0,71.0,56.0,56.0,72.0,71.0,104.0,24.0,88.0,80.0,64.0,72.0,72.0,88.0,128.0,80.0,88.0,88.0,80.0,48.0,40.0,64.0,72.0,64.0,72.0,64.0,88.0,55.0,88.0,64.0,88.0,95.0,136.0,71.0,72.0,72.0,56.0,56.0,48.0,56.0,79.0,104.0,72.0,95.0,79.0,64.0,64.0,80.0,49.0,64.0,71.0,40.0,144.0,87.0,32.0,49.0,57.0,33.0,55.0,73.0,49.0,57.0,64.0,80.0,87.0,72.0,56.0,79.0,64.0,71.0,88.0,79.0,79.0,55.0,32.0,40.0,64.0,71.0,56.0,40.0,31.0,64.0,72.0,64.0,48.0,80.0,72.0,80.0,41.0,33.0,25.0,72.0,32.0,2.0,33.0,72.0,80.0,72.0,32.0,80.0,72.0,63.0,80.0,96.0,64.0,73.0,64.0,71.0,72.0,79.0,79.0,56.0,47.0,72.0,72.0,65.0,88.0,64.0,79.0,72.0,33.0,41.0,64.0,95.0,63.0,88.0,65.0,40.0,57.0,87.0,56.0,17.0,40.0,96.0,93.0,87.0,103.0,87.0,95.0,72.0,200.0,95.0,87.0,80.0,72.0,71.0,88.0,71.0,80.0,64.0,88.0,64.0,64.0,64.0,64.0,64.0,112.0,296.0,32.0,96.0,88.0,81.0,80.0,88.0,72.0,32.0,64.0,127.0,80.0,80.0,48.0,113.0,79.0,87.0,112.0,64.0,64.0,80.0,88.0,72.0,72.0,88.0,71.0,72.0,31.0,80.0,80.0,71.0,64.0,48.0,64.0,24.0,49.0,56.0,72.0,48.0,40.0,8.0,63.0,40.0,56.0,73.0,72.0,80.0,56.0,32.0,63.0,63.0,56.0,48.0,48.0,48.0,56.0,72.0,56.0,40.0,64.0,64.0,112.0,80.0,56.0,95.0,104.0,96.0,80.0,80.0,95.0,48.0,56.0,80.0,8.0,8.0,47.0,88.0,56.0,152.0,39.0,96.0,88.0,64.0,56.0,80.0,63.0,64.0,80.0
A161NZP385W1TX,168.0,56.0,79.0,72.0,104.0,79.0,79.0,103.0,81.0,80.0,103.0,88.0,72.0,89.0,96.0,96.0,79.0,79.0,88.0,48.0,64.0,72.0,49.0,113.0,96.0,48.0,72.0,48.0,80.0,64.0,48.0,72.0,80.0,80.0,48.0,40.0,96.0,88.0,40.0,64.0,80.0,88.0,88.0,88.0,80.0,88.0,79.0,72.0,31.0,64.0,104.0,72.0,80.0,104.0,24.0,87.0,56.0,8.0,57.0,79.0,72.0,64.0,72.0,96.0,119.0,72.0,72.0,64.0,64.0,72.0,39.0,81.0,40.0,63.0,71.0,63.0,88.0,72.0,71.0,81.0,81.0,64.0,95.0,87.0,97.0,88.0,79.0,56.0,71.0,56.0,65.0,72.0,71.0,87.0,64.0,63.0,49.0,64.0,111.0,103.0,64.0,72.0,80.0,104.0,88.0,56.0,80.0,56.0,80.0,80.0,40.0,89.0,80.0,96.0,80.0,80.0,88.0,280.0,16.0,64.0,48.0,80.0,88.0,64.0,89.0,80.0,111.0,64.0,65.0,71.0,63.0,39.0,48.0,48.0,88.0,127.0,129.0,32.0,105.0,80.0,71.0,71.0,73.0,24.0,80.0,32.0,56.0,64.0,120.0,80.0,64.0,88.0,96.0,80.0,40.0,64.0,24.0,64.0,48.0,48.0,49.0,48.0,63.0,65.0,32.0,96.0,248.0,40.0,16.0,16.0,72.0,72.0,72.0,72.0,96.0,64.0,104.0,88.0,56.0,81.0,88.0,72.0,80.0,2056.0,201.0,64.0,71.0,73.0,72.0,56.0,73.0,88.0,81.0,72.0,88.0,88.0,47.0,103.0,119.0,80.0,96.0,80.0,96.0,104.0,64.0,96.0,24.0,64.0,64.0,64.0,72.0,72.0,88.0,48.0,40.0,40.0,48.0,56.0,56.0,56.0,80.0,64.0,72.0,1.0,32.0,72.0,49.0,104.0,72.0,88.0,72.0,24.0,40.0,65.0,64.0,80.0,73.0,48.0,41.0,65.0,47.0,64.0,87.0,71.0,88.0,56.0,72.0,72.0,64.0,56.0,79.0,55.0,48.0,47.0,56.0,25.0,17.0,41.0,40.0,96.0,55.0,56.0,48.0,48.0,32.0,32.0,71.0,95.0,80.0,71.0,95.0,80.0,104.0,64.0,48.0,40.0,48.0,80.0,48.0,48.0,56.0,71.0,88.0,55.0,72.0,80.0,120.0,80.0,80.0,64.0,48.0,72.0,96.0,80.0,64.0,64.0,48.0,64.0,88.0,72.0,48.0,88.0,96.0,41.0,56.0,25.0,64.0,63.0,72.0,94.0,87.0,95.0,72.0,8.0,48.0,64.0,80.0,88.0,72.0,71.0,88.0,55.0,80.0,87.0,80.0,80.0,88.0,80.0,72.0,80.0,72.0,101.0,47.0,41.0,72.0,81.0,71.0,89.0,88.0,79.0,80.0,71.0,64.0,16.0,40.0,72.0,40.0,64.0,56.0,64.0,64.0,56.0,16.0,48.0,64.0,72.0,64.0,80.0,40.0,56.0,64.0,56.0,64.0,80.0,72.0,72.0,64.0,73.0,80.0,64.0,88.0,56.0,48.0,72.0,72.0,272.0,64.0,96.0,64.0,89.0,47.0,72.0,48.0,56.0,72.0,89.0,56.0,73.0,112.0,89.0,71.0,89.0,64.0,64.0,87.0,79.0,79.0,96.0,72.0,71.0,79.0,55.0,16.0,73.0,64.0,95.0,64.0,63.0,72.0,79.0,88.0,96.0,168.0,87.0,63.0,71.0,112.0,96.0,56.0,56.0,32.0,56.0,48.0,56.0,48.0,48.0,96.0,104.0,72.0,48.0,64.0,87.0,72.0,56.0,80.0,72.0,64.0,72.0,136.0,56.0,72.0,64.0,64.0,56.0,80.0,48.0,48.0,80.0,40.0,72.0,57.0,64.0,81.0,72.0,65.0,56.0,80.0,56.0,88.0,55.0,64.0,55.0,48.0,88.0,71.0,79.0,72.0,72.0,49.0,80.0,48.0,56.0,63.0,57.0,57.0,80.0,80.0,87.0,25.0,72.0,79.0,72.0,64.0,79.0,80.0,104.0,72.0,88.0,104.0,64.0,96.0,71.0,72.0,72.0,96.0,88.0,89.0,72.0,80.0,72.0,88.0
A161NZP385W1TX,1121.0,41.0,64.0,57.0,80.0,63.0,104.0,110.0,63.0,87.0,73.0,96.0,89.0,65.0,47.0,80.0,56.0,72.0,80.0,71.0,56.0,80.0,56.0,64.0,56.0,72.0,105.0,48.0,87.0,79.0,80.0,80.0,72.0,72.0,80.0,48.0,48.0,80.0,72.0,88.0,95.0,80.0,56.0,49.0,48.0,55.0,79.0,72.0,56.0,103.0,79.0,56.0,64.0,72.0,71.0,80.0,80.0,72.0,32.0,40.0,64.0,72.0,120.0,785.0,40.0,88.0,87.0,80.0,119.0,96.0,64.0,88.0,112.0,104.0,80.0,72.0,95.0,80.0,80.0,87.0,80.0,95.0,48.0,72.0,79.0,64.0,88.0,80.0,80.0,64.0,95.0,120.0,56.0,73.0,64.0,16.0,48.0,57.0,25.0,80.0,72.0,87.0,127.0,71.0,79.0,72.0,64.0,88.0,64.0,32.0,48.0,49.0,64.0,81.0,54.0,64.0,56.0,71.0,95.0,64.0,48.0,97.0,23.0,47.0,103.0,73.0,88.0,88.0,63.0,79.0,72.0,96.0,31.0,64.0,64.0,87.0,32.0,32.0,56.0,88.0,72.0,72.0,80.0,64.0,80.0,56.0,72.0,64.0,88.0,72.0,119.0,72.0,56.0,80.0,96.0,96.0,120.0,56.0,80.0,8.0,64.0,80.0,64.0,80.0,64.0,56.0,440.0,48.0,79.0,89.0,95.0,64.0,48.0,63.0,88.0,64.0,71.0,72.0,63.0,48.0,40.0,80.0,72.0,40.0,81.0,48.0,32.0,56.0,63.0,80.0,72.0,80.0,72.0,57.0,88.0,79.0,80.0,64.0,47.0,24.0,56.0,72.0,88.0,112.0,97.0,80.0,63.0,71.0,56.0,56.0,72.0,56.0,88.0,56.0,48.0,56.0,16.0,32.0,56.0,48.0,56.0,80.0,88.0,80.0,72.0,80.0,80.0,64.0,24.0,72.0,57.0,80.0,69.0,88.0,88.0,80.0,40.0,48.0,88.0,72.0,71.0,88.0,56.0,80.0,40.0,56.0,72.0,56.0,80.0,88.0,104.0,8.0,79.0,24.0,72.0,79.0,71.0,72.0,31.0,47.0,96.0,81.0,40.0,72.0,48.0,33.0,32.0,79.0,71.0,72.0,79.0,73.0,88.0,72.0,79.0,71.0,87.0,80.0,114.0,72.0,79.0,168.0,104.0,80.0,103.0,80.0,96.0,88.0,80.0,88.0,80.0,56.0,48.0,56.0,64.0,80.0,72.0,72.0,448.0,32.0,56.0,64.0,81.0,16.0,57.0,72.0,48.0,64.0,49.0,95.0,72.0,64.0,48.0,71.0,56.0,81.0,111.0,103.0,39.0,48.0,71.0,96.0,73.0,55.0,47.0,79.0,103.0,87.0,79.0,47.0,15.0,32.0,87.0,72.0,40.0,64.0,64.0,80.0,87.0,81.0,64.0,72.0,88.0,80.0,88.0,1.0,32.0,56.0,41.0,64.0,1.0,56.0,96.0,96.0,48.0,88.0,80.0,80.0,96.0,80.0,81.0,72.0,72.0,64.0,65.0,32.0,25.0,72.0,48.0,80.0,64.0,64.0,80.0,80.0,71.0,64.0,48.0,81.0,64.0,72.0,87.0,2474.0,360.0,661.0,121.0,65.0,48.0,56.0,104.0,48.0,1.0,24.0,57.0,80.0,80.0,64.0,64.0,87.0,72.0,88.0,96.0,96.0,72.0,48.0,72.0,64.0,72.0,80.0,72.0,72.0,80.0,48.0,64.0,56.0,80.0,80.0,265.0,48.0,88.0,88.0,79.0,80.0,72.0,63.0,72.0,64.0,80.0,81.0,63.0,65.0,80.0,80.0,95.0,95.0,80.0,80.0,80.0,63.0,72.0,72.0,71.0,65.0,81.0,80.0,40.0,16.0,25.0,71.0,79.0,63.0,64.0,72.0,48.0,7.0,9.0,57.0,64.0,80.0,79.0,39.0,48.0,31.0,41.0,96.0,63.0,39.0,63.0,104.0,63.0,80.0,72.0,56.0,72.0,72.0,96.0,80.0,105.0,56.0,64.0,64.0,328.0,16.0,96.0,96.0,88.0,49.0,64.0,72.0,72.0,72.0,88.0,64.0,80.0,56.0,79.0,80.0,56.0,72.0,80.0,79.0,56.0,96.0,64.0
A168RQT8B18FH,0.0,96.0,56.0,112.0,32.0,64.0,72.0,95.0,73.0,88.0,72.0,111.0,112.0,80.0,72.0,129.0,119.0,79.0,72.0,71.0,97.0,104.0,152.0,97.0,128.0,112.0,72.0,32.0,136.0,104.0,80.0,88.0,112.0,87.0,80.0,40.0,48.0,1.0,16.0,72.0,136.0,96.0,96.0,104.0,104.0,16.0,44.0,71.0,96.0,88.0,112.0,87.0,80.0,104.0,56.0,104.0,112.0,103.0,96.0,40.0,32.0,16.0,1.0,56.0,88.0,72.0,48.0,96.0,56.0,80.0,72.0,32.0,32.0,104.0,72.0,64.0,112.0,112.0,32.0,104.0,80.0,44.0,136.0,111.0,96.0,144.0,119.0,72.0,87.0,120.0,104.0,128.0,128.0,120.0,96.0,96.0,112.0,104.0,56.0,96.0,72.0,16.0,24.0,48.0,112.0,88.0,112.0,88.0,80.0,56.0,64.0,128.0,112.0,128.0,96.0,168.0,72.0,112.0,88.0,104.0,80.0,72.0,80.0,120.0,144.0,88.0,96.0,48.0,104.0,48.0,96.0,80.0,40.0,88.0,88.0,96.0,64.0,80.0,88.0,104.0,56.0,136.0,56.0,72.0,96.0,56.0,120.0,128.0,120.0,32.0,88.0,112.0,168.0,112.0,119.0,120.0,104.0,80.0,56.0,120.0,111.0,40.0,96.0,56.0,40.0,152.0,56.0,80.0,88.0,144.0,119.0,72.0,79.0,112.0,72.0,112.0,104.0,88.0,104.0,56.0,104.0,96.0,88.0,128.0,72.0,128.0,120.0,128.0,72.0,64.0,80.0,104.0,128.0,71.0,152.0,87.0,104.0,111.0,48.0,72.0,56.0,80.0,88.0,80.0,80.0,80.0,129.0,38.0,96.0,80.0,64.0,80.0,16.0,80.0,120.0,72.0,120.0,112.0,80.0,80.0,40.0,96.0,56.0,104.0,96.0,72.0,88.0,136.0,64.0,88.0,96.0,104.0,72.0,56.0,32.0,32.0,112.0,32.0,0.0,80.0,88.0,96.0,80.0,96.0,64.0,40.0,96.0,72.0,120.0,72.0,120.0,80.0,96.0,88.0,96.0,64.0,96.0,104.0,136.0,80.0,64.0,64.0,88.0,112.0,80.0,96.0,104.0,136.0,88.0,16.0,40.0,40.0,32.0,72.0,72.0,88.0,96.0,0.0,128.0,72.0,104.0,184.0,64.0,80.0,136.0,120.0,64.0,128.0,48.0,0.0,32.0,57.0,128.0,80.0,48.0,41.0,120.0,48.0,112.0,160.0,96.0,112.0,72.0,95.0,150.0,88.0,55.0,72.0,88.0,104.0,96.0,144.0,40.0,80.0,104.0,80.0,128.0,72.0,95.0,128.0,103.0,80.0,80.0,79.0,120.0,72.0,64.0,8.0,80.0,96.0,16.0,136.0,111.0,96.0,103.0,120.0,136.0,103.0,68.0,112.0,80.0,88.0,79.0,72.0,136.0,80.0,120.0,144.0,112.0,104.0,112.0,112.0,104.0,96.0,96.0,96.0,96.0,87.0,96.0,87.0,32.0,104.0,63.0,96.0,64.0,104.0,79.0,80.0,32.0,80.0,136.0,87.0,112.0,72.0,104.0,96.0,72.0,95.0,88.0,48.0,80.0,88.0,72.0,40.0,72.0,96.0,79.0,72.0,72.0,119.0,80.0,141.0,96.0,95.0,112.0,112.0,79.0,56.0,120.0,128.0,96.0,128.0,152.0,56.0,96.0,499.0,33.0,33.0,33.0,33.0,33.0,2.0,104.0,40.0,64.0,96.0,499.0,33.0,33.0,33.0,33.0,33.0,33.0,33.0,22.0,112.0,120.0,80.0,80.0,80.0,88.0,72.0,48.0,80.0,48.0,80.0,88.0,127.0,71.0,112.0,95.0,127.0,80.0,96.0,168.0,103.0,112.0,56.0,95.0,96.0,55.0,80.0,96.0,72.0,80.0,128.0,71.0,56.0,112.0,112.0,79.0,80.0,48.0,40.0,128.0,72.0,96.0,72.0,104.0,120.0,72.0,136.0,79.0,104.0,40.0,80.0,104.0,32.0,96.0,64.0,104.0,127.0,79.0,112.0,152.0,128.0,72.0,136.0,55.0,88.0,96.0,127.0,135.0,87.0,120.0,120.0,95.0,112.0,71.0,24.0,112.0,56.0,72.0,48.0
A168RQT8B18FH,39.0,120.0,104.0,80.0,65.0,80.0,128.0,88.0,127.0,72.0,112.0,49.0,96.0,31.0,81.0,80.0,80.0,96.0,48.0,56.0,104.0,128.0,96.0,40.0,56.0,80.0,48.0,104.0,112.0,71.0,56.0,48.0,48.0,112.0,63.0,56.0,80.0,64.0,1.0,72.0,87.0,88.0,136.0,120.0,120.0,104.0,72.0,64.0,32.0,120.0,120.0,80.0,72.0,72.0,88.0,104.0,80.0,112.0,112.0,87.0,112.0,41.0,120.0,136.0,63.0,96.0,96.0,80.0,112.0,64.0,80.0,64.0,112.0,499.0,33.0,33.0,33.0,33.0,12.0,80.0,64.0,72.0,64.0,96.0,56.0,64.0,64.0,128.0,72.0,112.0,88.0,88.0,64.0,96.0,72.0,0.0,40.0,0.0,40.0,56.0,48.0,72.0,120.0,88.0,112.0,112.0,128.0,128.0,152.0,80.0,112.0,72.0,112.0,88.0,88.0,88.0,88.0,72.0,104.0,56.0,80.0,96.0,72.0,40.0,144.0,88.0,112.0,64.0,128.0,72.0,64.0,112.0,96.0,88.0,112.0,56.0,128.0,64.0,40.0,48.0,104.0,104.0,88.0,88.0,112.0,104.0,88.0,96.0,112.0,112.0,64.0,128.0,144.0,56.0,72.0,96.0,128.0,72.0,48.0,72.0,104.0,80.0,64.0,40.0,104.0,40.0,88.0,72.0,80.0,104.0,48.0,96.0,71.0,95.0,152.0,72.0,103.0,72.0,104.0,72.0,72.0,72.0,112.0,72.0,1.0,96.0,56.0,88.0,80.0,79.0,87.0,56.0,87.0,87.0,24.0,40.0,66.0,72.0,111.0,112.0,88.0,56.0,112.0,104.0,80.0,80.0,104.0,72.0,88.0,112.0,40.0,112.0,143.0,96.0,104.0,88.0,96.0,48.0,56.0,96.0,104.0,80.0,64.0,56.0,120.0,87.0,72.0,96.0,104.0,24.0,112.0,80.0,40.0,96.0,119.0,95.0,63.0,104.0,80.0,88.0,24.0,104.0,56.0,80.0,64.0,104.0,95.0,64.0,96.0,56.0,72.0,56.0,56.0,96.0,64.0,120.0,144.0,32.0,56.0,56.0,56.0,56.0,1.0,32.0,80.0,80.0,48.0,96.0,111.0,120.0,96.0,87.0,104.0,136.0,95.0,72.0,56.0,72.0,56.0,104.0,88.0,80.0,88.0,64.0,64.0,0.0,104.0,80.0,120.0,80.0,40.0,88.0,56.0,96.0,88.0,56.0,56.0,72.0,112.0,96.0,32.0,88.0,80.0,120.0,128.0,56.0,136.0,104.0,88.0,96.0,112.0,96.0,72.0,112.0,144.0,56.0,128.0,88.0,96.0,96.0,72.0,24.0,144.0,96.0,72.0,96.0,112.0,96.0,40.0,72.0,88.0,32.0,88.0,128.0,112.0,128.0,136.0,96.0,120.0,80.0,80.0,96.0,56.0,96.0,64.0,32.0,24.0,112.0,88.0,48.0,120.0,80.0,120.0,104.0,120.0,64.0,113.0,119.0,71.0,105.0,72.0,96.0,112.0,88.0,104.0,103.0,47.0,72.0,48.0,64.0,16.0,64.0,80.0,72.0,88.0,96.0,95.0,120.0,119.0,95.0,120.0,111.0,96.0,95.0,103.0,32.0,72.0,72.0,119.0,79.0,80.0,88.0,120.0,47.0,96.0,1.0,16.0,104.0,80.0,55.0,112.0,128.0,127.0,80.0,88.0,64.0,96.0,79.0,88.0,113.0,24.0,112.0,64.0,56.0,104.0,80.0,8.0,88.0,104.0,136.0,87.0,104.0,24.0,96.0,87.0,79.0,80.0,88.0,72.0,136.0,127.0,112.0,112.0,152.0,88.0,88.0,151.0,64.0,80.0,136.0,96.0,80.0,128.0,104.0,72.0,120.0,64.0,104.0,88.0,32.0,40.0,88.0,136.0,112.0,96.0,136.0,79.0,64.0,120.0,48.0,72.0,88.0,72.0,88.0,200.0,1.0,128.0,119.0,80.0,104.0,96.0,80.0,48.0,136.0,104.0,136.0,88.0,47.0,96.0,112.0,56.0,48.0,72.0,103.0,104.0,80.0,48.0,104.0,96.0,40.0,48.0,112.0,112.0,112.0,80.0,96.0,128.0,72.0,72.0,120.0,80.0,56.0,32.0,80.0
A168RQT8B18FH,40.0,128.0,96.0,96.0,96.0,134.0,128.0,96.0,144.0,80.0,200.0,103.0,104.0,56.0,96.0,111.0,112.0,72.0,72.0,120.0,120.0,64.0,128.0,104.0,24.0,48.0,96.0,88.0,56.0,80.0,48.0,112.0,72.0,56.0,96.0,88.0,64.0,184.0,88.0,104.0,128.0,80.0,40.0,112.0,72.0,64.0,80.0,64.0,88.0,80.0,80.0,112.0,104.0,96.0,56.0,104.0,128.0,88.0,72.0,120.0,136.0,64.0,88.0,96.0,104.0,80.0,24.0,48.0,0.0,16.0,64.0,104.0,80.0,136.0,80.0,113.0,111.0,128.0,120.0,168.0,79.0,128.0,56.0,112.0,80.0,120.0,47.0,112.0,96.0,120.0,72.0,72.0,96.0,104.0,48.0,80.0,80.0,96.0,80.0,120.0,71.0,64.0,112.0,88.0,96.0,103.0,72.0,104.0,103.0,56.0,64.0,96.0,80.0,112.0,96.0,112.0,152.0,111.0,111.0,136.0,95.0,71.0,112.0,112.0,88.0,111.0,104.0,159.0,119.0,63.0,88.0,136.0,136.0,152.0,40.0,112.0,240.0,64.0,136.0,128.0,112.0,96.0,88.0,72.0,152.0,64.0,120.0,96.0,128.0,160.0,64.0,120.0,64.0,96.0,40.0,88.0,96.0,80.0,208.0,0.0,121.0,32.0,120.0,96.0,72.0,106.0,48.0,79.0,87.0,72.0,1.0,40.0,40.0,104.0,112.0,128.0,63.0,112.0,96.0,136.0,79.0,57.0,96.0,96.0,128.0,47.0,64.0,128.0,79.0,136.0,152.0,135.0,71.0,72.0,72.0,103.0,120.0,95.0,112.0,72.0,56.0,64.0,72.0,112.0,112.0,119.0,80.0,136.0,80.0,64.0,96.0,72.0,104.0,127.0,72.0,112.0,96.0,96.0,24.0,104.0,1.0,72.0,87.0,96.0,80.0,112.0,112.0,24.0,72.0,32.0,56.0,144.0,47.0,96.0,128.0,96.0,48.0,88.0,80.0,104.0,88.0,32.0,88.0,120.0,88.0,80.0,96.0,144.0,103.0,96.0,96.0,80.0,72.0,42.0,40.0,112.0,80.0,80.0,185.0,64.0,72.0,56.0,80.0,48.0,40.0,128.0,120.0,96.0,104.0,88.0,32.0,64.0,112.0,104.0,96.0,72.0,48.0,88.0,96.0,104.0,96.0,88.0,56.0,72.0,120.0,72.0,24.0,120.0,104.0,104.0,136.0,56.0,112.0,72.0,64.0,104.0,96.0,88.0,128.0,120.0,144.0,64.0,120.0,80.0,80.0,80.0,80.0,64.0,136.0,104.0,96.0,88.0,1331.0,1639.0,112.0,104.0,72.0,95.0,96.0,56.0,40.0,111.0,112.0,96.0,104.0,120.0,72.0,48.0,112.0,56.0,72.0,88.0,80.0,104.0,104.0,72.0,1.0,80.0,120.0,56.0,112.0,72.0,80.0,104.0,118.0,112.0,128.0,144.0,120.0,104.0,96.0,112.0,64.0,56.0,104.0,56.0,88.0,128.0,96.0,120.0,56.0,104.0,128.0,128.0,96.0,96.0,96.0,112.0,136.0,96.0,104.0,72.0,72.0,88.0,104.0,80.0,88.0,136.0,104.0,80.0,72.0,120.0,80.0,40.0,96.0,32.0,32.0,120.0,104.0,80.0,112.0,112.0,144.0,104.0,104.0,96.0,81.0,104.0,96.0,128.0,63.0,136.0,111.0,80.0,96.0,80.0,56.0,80.0,127.0,112.0,112.0,71.0,24.0,136.0,111.0,80.0,104.0,64.0,112.0,96.0,128.0,80.0,96.0,148.0,72.0,112.0,167.0,72.0,104.0,96.0,104.0,64.0,120.0,55.0,40.0,104.0,56.0,56.0,80.0,80.0,96.0,127.0,120.0,96.0,80.0,136.0,95.0,79.0,80.0,40.0,56.0,96.0,104.0,104.0,224.0,32.0,104.0,96.0,95.0,104.0,104.0,128.0,48.0,120.0,96.0,128.0,72.0,72.0,72.0,88.0,128.0,119.0,64.0,96.0,72.0,104.0,64.0,80.0,119.0,56.0,88.0,120.0,120.0,112.0,40.0,152.0,88.0,80.0,64.0,96.0,112.0,88.0,56.0,80.0,96.0,80.0,112.0,72.0,64.0,88.0,120.0,104.0,48.0,88.0
A168RQT8B18FH,0.0,136.0,72.0,112.0,120.0,136.0,120.0,152.0,88.0,48.0,32.0,104.0,120.0,48.0,80.0,64.0,120.0,88.0,96.0,64.0,56.0,104.0,96.0,88.0,88.0,88.0,112.0,96.0,87.0,103.0,89.0,65.0,48.0,128.0,104.0,48.0,80.0,40.0,72.0,24.0,112.0,72.0,72.0,127.0,88.0,72.0,104.0,103.0,104.0,1.0,56.0,1.0,24.0,64.0,72.0,96.0,64.0,88.0,128.0,48.0,16.0,136.0,127.0,64.0,88.0,96.0,72.0,72.0,40.0,112.0,72.0,112.0,120.0,87.0,71.0,16.0,72.0,24.0,1.0,72.0,64.0,72.0,56.0,112.0,128.0,104.0,80.0,32.0,40.0,136.0,95.0,112.0,88.0,168.0,24.0,112.0,112.0,96.0,40.0,128.0,120.0,152.0,152.0,72.0,64.0,152.0,72.0,80.0,112.0,104.0,120.0,88.0,160.0,112.0,80.0,72.0,80.0,40.0,0.0,56.0,112.0,88.0,96.0,104.0,80.0,64.0,56.0,88.0,56.0,96.0,128.0,128.0,96.0,40.0,112.0,104.0,88.0,112.0,144.0,48.0,120.0,72.0,32.0,72.0,56.0,112.0,128.0,56.0,96.0,72.0,80.0,0.0,104.0,144.0,120.0,80.0,72.0,104.0,104.0,64.0,56.0,88.0,120.0,72.0,67.0,64.0,168.0,120.0,128.0,80.0,88.0,64.0,24.0,56.0,80.0,48.0,104.0,80.0,120.0,80.0,80.0,80.0,80.0,32.0,113.0,192.0,112.0,112.0,88.0,96.0,87.0,112.0,119.0,96.0,72.0,128.0,96.0,105.0,95.0,128.0,96.0,96.0,112.0,96.0,40.0,88.0,72.0,64.0,88.0,80.0,88.0,72.0,64.0,56.0,128.0,119.0,80.0,88.0,128.0,95.0,72.0,104.0,64.0,144.0,71.0,96.0,96.0,152.0,168.0,56.0,88.0,72.0,88.0,112.0,79.0,72.0,128.0,64.0,64.0,72.0,112.0,80.0,111.0,112.0,104.0,80.0,104.0,39.0,24.0,112.0,64.0,24.0,64.0,96.0,104.0,112.0,82.0,104.0,56.0,96.0,64.0,104.0,80.0,144.0,80.0,120.0,128.0,120.0,40.0,72.0,80.0,56.0,72.0,112.0,56.0,88.0,96.0,80.0,120.0,80.0,88.0,152.0,64.0,56.0,64.0,72.0,128.0,104.0,112.0,136.0,112.0,48.0,72.0,112.0,96.0,87.0,0.0,32.0,16.0,0.0,72.0,80.0,81.0,499.0,33.0,33.0,33.0,33.0,80.0,80.0,0.0,104.0,64.0,16.0,48.0,24.0,48.0,40.0,72.0,128.0,56.0,32.0,56.0,0.0,224.0,120.0,64.0,225.0,0.0,184.0,48.0,112.0,24.0,32.0,200.0,216.0,912.0,0.0,184.0,120.0,168.0,24.0,24.0,48.0,0.0,632.0,512.0,128.0,344.0,0.0,144.0,128.0,40.0,48.0,1160.0,128.0,288.0,88.0,672.0,2047.0,8.0,584.0,80.0,104.0,184.0,992.0,128.0,120.0,96.0,1.0,112.0,392.0,136.0,120.0,784.0,1896.0,1056.0,88.0,3728.0,40.0,32.0,0.0,0.0,48.0,0.0,40.0,72.0,32.0,24.0,160.0,168.0,40.0,0.0,16.0,0.0,1.0,64.0,0.0,16.0,32.0,120.0,976.0,48.0,120.0,24.0,144.0,8.0,72.0,168.0,104.0,24.0,16.0,16.0,384.0,168.0,64.0,0.0,32.0,48.0,40.0,120.0,616.0,128.0,56.0,56.0,760.0,64.0,0.0,88.0,200.0,32.0,64.0,0.0,24.0,217.0,8.0,24.0,40.0,96.0,104.0,0.0,40.0,104.0,0.0,0.0,503.0,33.0,33.0,1.0,72.0,127.0,72.0,72.0,73.0,24.0,88.0,104.0,40.0,128.0,80.0,96.0,104.0,112.0,104.0,96.0,104.0,128.0,80.0,120.0,160.0,112.0,96.0,72.0,88.0,104.0,87.0,72.0,112.0,112.0,112.0,160.0,152.0,72.0,127.0,120.0,111.0,88.0,72.0,112.0,144.0,104.0,160.0,120.0,56.0,72.0,104.0,112.0,0.0,128.0,80.0,96.0,96.0,120.0,144.0
