A10E8QHPV30BAD,123.0,61.0,32.0,17.0,56.0,17.0,56.0,7.0,61.0,27.0,41.0,15.0,22.0,49.0,600.0,17.0,8.0,64.0,16.0,80.0,40.0,97.0,80.0,24.0,17.0,21.0,57.0,56.0,8.0,77.0,40.0,64.0,56.0,7.0,40.0,72.0,12.0,619.0,87.0,60.0,28.0,48.0,7.0,19.0,15.0,40.0,23.0,39.0,89.0,80.0,65.0,61.0,80.0,8.0,104.0,2.0,1.0,10.0,53.0,32.0,31.0,47.0,10.0,96.0,22.0,16.0,22.0,7.0,56.0,2.0,41.0,56.0,45.0,1.0,43.0,33.0,60.0,35.0,19.0,15.0,64.0,45.0,14.0,48.0,50.0,82.0,8.0,68.0,24.0,15.0,33.0,40.0,23.0,22.0,40.0,59.0,77.0,62.0,32.0,24.0,3.0,46.0,39.0,40.0,55.0,59.0,54.0,10.0,39.0,47.0,80.0,73.0,16.0,8.0,17.0,56.0,46.0,54.0,10.0,46.0,17.0,35.0,73.0,39.0,38.0,38.0,8.0,60.0,72.0,23.0,32.0,40.0,39.0,73.0,0.0,16.0,102.0,24.0,16.0,38.0,0.0,55.0,23.0,33.0,60.0,35.0,37.0,37.0,56.0,41.0,40.0,41.0,11.0,17.0,150.0,70.0,57.0,53.0,52.0,37.0,55.0,19.0,55.0,56.0,77.0,36.0,21.0,56.0,33.0,41.0,50.0,33.0,16.0,32.0,43.0,104.0,32.0,52.0,11.0,31.0,87.0,52.0,25.0,48.0,40.0,28.0,0.0,7.0,96.0,59.0,8.0,17.0,0.0,8.0,66.0,71.0,23.0,24.0,14.0,72.0,0.0,48.0,61.0,58.0,101.0,32.0,32.0,8.0,72.0,39.0,17.0,48.0,40.0,52.0,38.0,40.0,17.0,42.0,73.0,41.0,48.0,1.0,48.0,96.0,214.0,55.0,49.0,96.0,64.0,88.0,54.0,59.0,65.0,68.0,34.0,72.0,223.0,42.0,126.0,80.0,8.0,16.0,24.0,64.0,105.0,71.0,16.0,43.0,80.0,27.0,279.0,12.0,28.0,11.0,10.0,0.0,49.0,28.0,88.0,40.0,93.0,22.0,52.0,11.0,87.0,56.0,63.0,56.0,48.0,30.0,72.0,48.0,23.0,14.0,47.0,0.0,42.0,24.0,111.0,778.0,8.0,112.0,32.0,56.0,7.0,8.0,9.0,23.0,184.0,68.0,63.0,56.0,31.0,48.0,57.0,72.0,9.0,8.0,117.0,0.0,23.0,80.0,72.0,34.0,32.0,30.0,18.0,80.0,52.0,52.0,17.0,39.0,40.0,57.0,8.0,64.0,56.0,272.0,24.0,80.0,460.0,46.0,161.0,127.0,74.0,64.0,83.0,612.0,29.0,48.0,122.0,53.0,19.0,89.0,8.0,51.0,368.0,8.0,63.0,1160.0,16.0,72.0,72.0,90.0,59.0,48.0,32.0,50.0,1.0,23.0,50.0,72.0,56.0,16.0,16.0,152.0,40.0,64.0,61.0,9.0,257.0,32.0,62.0,65.0,53.0,36.0,24.0,15.0,64.0,26.0,8.0,24.0,31.0,1.0,38.0,76.0,61.0,21.0,16.0,16.0,24.0,56.0,56.0,45.0,57.0,24.0,25.0,40.0,40.0,58.0,64.0,32.0,0.0,15.0,22.0,10.0,56.0,32.0,1.0,39.0,1.0,10.0,37.0,16.0,36.0,32.0,15.0,48.0,432.0,58.0,48.0,162.0,216.0,18.0,33.0,26.0,311.0,32.0,7.0,32.0,46.0,24.0,54.0,193.0,17.0,1.0,25.0,0.0,73.0,81.0,120.0,32.0,9.0,55.0,56.0,8.0,24.0,11.0,19.0,65.0,92.0,80.0,24.0,48.0,32.0,16.0,10.0,8.0,40.0,8.0,30.0,97.0,24.0,54.0,73.0,11.0,8.0,24.0,257.0,0.0,93.0,24.0,88.0,72.0,104.0,21.0,12.0,7.0,26.0,77.0,8.0,44.0,51.0,53.0,80.0,50.0,44.0,1.0,16.0,72.0,18.0,16.0,56.0,7.0,58.0,10.0,42.0,30.0,33.0,79.0,32.0,56.0,26.0,56.0,1.0,35.0,40.0,48.0,25.0,11.0,64.0,17.0,55.0,70.0
A10E8QHPV30BAD,120.0,0.0,27.0,32.0,64.0,68.0,53.0,1.0,24.0,32.0,64.0,24.0,24.0,64.0,108.0,384.0,80.0,15.0,0.0,40.0,92.0,73.0,16.0,32.0,31.0,64.0,64.0,11.0,80.0,1.0,0.0,48.0,7.0,40.0,72.0,32.0,16.0,56.0,37.0,46.0,54.0,89.0,48.0,168.0,18.0,0.0,60.0,97.0,40.0,71.0,64.0,40.0,32.0,52.0,10.0,13.0,49.0,32.0,64.0,49.0,4.0,72.0,48.0,40.0,23.0,23.0,7.0,19.0,32.0,25.0,8.0,9.0,32.0,39.0,7.0,8.0,51.0,108.0,32.0,9.0,72.0,128.0,47.0,70.0,125.0,56.0,25.0,64.0,56.0,54.0,8.0,13.0,369.0,48.0,64.0,24.0,35.0,0.0,63.0,45.0,50.0,58.0,39.0,32.0,48.0,63.0,355.0,40.0,16.0,66.0,112.0,35.0,89.0,72.0,57.0,80.0,7.0,9.0,15.0,25.0,17.0,47.0,48.0,50.0,40.0,83.0,46.0,80.0,67.0,86.0,58.0,60.0,57.0,31.0,24.0,17.0,56.0,72.0,33.0,98.0,29.0,128.0,48.0,32.0,64.0,48.0,10.0,48.0,51.0,21.0,408.0,24.0,1.0,41.0,8.0,10.0,64.0,90.0,30.0,24.0,47.0,80.0,79.0,59.0,36.0,136.0,32.0,67.0,75.0,23.0,7.0,32.0,40.0,50.0,27.0,37.0,65.0,56.0,7.0,7.0,57.0,16.0,64.0,45.0,23.0,31.0,8.0,57.0,56.0,16.0,141.0,1.0,86.0,40.0,88.0,54.0,8.0,56.0,66.0,93.0,47.0,48.0,40.0,113.0,59.0,56.0,33.0,65.0,8.0,45.0,88.0,48.0,19.0,40.0,72.0,72.0,31.0,50.0,52.0,25.0,24.0,7.0,17.0,40.0,33.0,5.0,85.0,22.0,80.0,184.0,0.0,112.0,16.0,68.0,48.0,54.0,32.0,75.0,23.0,64.0,23.0,16.0,41.0,55.0,64.0,168.0,122.0,36.0,65.0,295.0,104.0,47.0,56.0,45.0,26.0,18.0,16.0,0.0,40.0,56.0,70.0,26.0,18.0,64.0,48.0,48.0,41.0,105.0,9.0,43.0,141.0,72.0,72.0,41.0,56.0,32.0,72.0,70.0,23.0,32.0,200.0,7.0,40.0,41.0,9.0,40.0,8.0,57.0,31.0,45.0,7.0,0.0,46.0,42.0,58.0,48.0,7.0,17.0,20.0,246.0,291.0,32.0,64.0,56.0,33.0,97.0,74.0,7.0,16.0,72.0,392.0,48.0,94.0,23.0,74.0,73.0,49.0,47.0,149.0,33.0,48.0,7.0,21.0,73.0,40.0,9.0,30.0,105.0,63.0,485.0,103.0,65.0,39.0,24.0,13.0,32.0,79.0,57.0,41.0,8.0,128.0,17.0,47.0,49.0,26.0,29.0,25.0,95.0,15.0,8.0,20.0,183.0,98.0,56.0,48.0,39.0,63.0,56.0,8.0,32.0,63.0,104.0,55.0,42.0,8.0,77.0,34.0,65.0,24.0,23.0,1.0,24.0,54.0,57.0,0.0,64.0,39.0,7.0,83.0,540.0,47.0,49.0,62.0,424.0,168.0,21.0,32.0,8.0,64.0,1.0,22.0,97.0,39.0,48.0,31.0,63.0,54.0,10.0,54.0,59.0,23.0,64.0,18.0,24.0,56.0,295.0,14.0,40.0,655.0,41.0,45.0,15.0,17.0,104.0,8.0,40.0,24.0,15.0,48.0,32.0,129.0,8.0,22.0,35.0,72.0,261.0,25.0,18.0,8.0,48.0,40.0,56.0,67.0,10.0,45.0,58.0,7.0,56.0,72.0,8.0,48.0,43.0,45.0,8.0,16.0,15.0,8.0,32.0,40.0,33.0,80.0,47.0,89.0,15.0,79.0,24.0,48.0,19.0,20.0,39.0,66.0,40.0,65.0,6.0,49.0,56.0,30.0,63.0,48.0,72.0,211.0,72.0,129.0,501.0,65.0,52.0,24.0,71.0,8.0,17.0,32.0,65.0,113.0,271.0,16.0,49.0,16.0,23.0,48.0,39.0,26.0,63.0,8.0,32.0,80.0,112.0,146.0,15.0,7.0,84.0,41.0,72.0
A10E8QHPV30BAD,39.0,31.0,28.0,38.0,263.0,152.0,32.0,128.0,127.0,90.0,88.0,67.0,32.0,59.0,87.0,116.0,101.0,108.0,54.0,82.0,48.0,32.0,60.0,144.0,100.0,116.0,96.0,80.0,23.0,70.0,72.0,48.0,53.0,85.0,110.0,96.0,104.0,126.0,97.0,63.0,16.0,0.0,112.0,144.0,100.0,110.0,24.0,59.0,85.0,61.0,159.0,117.0,120.0,59.0,127.0,104.0,96.0,40.0,88.0,104.0,135.0,132.0,124.0,79.0,63.0,95.0,112.0,68.0,56.0,80.0,135.0,80.0,73.0,88.0,95.0,64.0,64.0,40.0,56.0,112.0,107.0,73.0,50.0,112.0,145.0,189.0,101.0,127.0,56.0,56.0,56.0,64.0,81.0,52.0,120.0,161.0,144.0,80.0,1.0,82.0,72.0,32.0,16.0,5.0,88.0,132.0,67.0,22.0,56.0,40.0,18.0,72.0,40.0,40.0,16.0,8.0,56.0,56.0,51.0,76.0,24.0,6.0,82.0,94.0,64.0,64.0,81.0,81.0,9.0,25.0,161.0,120.0,70.0,24.0,48.0,106.0,88.0,70.0,80.0,108.0,90.0,104.0,104.0,159.0,88.0,180.0,495.0,31.0,40.0,30.0,30.0,176.0,234.0,18.0,68.0,24.0,48.0,113.0,27.0,64.0,54.0,435.0,16.0,80.0,18.0,56.0,23.0,40.0,35.0,224.0,1906.0,88.0,141.0,356.0,8.0,42.0,39.0,43.0,560.0,56.0,66.0,105.0,80.0,1367.0,65.0,0.0,50.0,187.0,71.0,7.0,48.0,133.0,95.0,28.0,22.0,32.0,48.0,64.0,40.0,1213.0,48.0,8.0,7.0,65.0,80.0,40.0,146.0,78.0,96.0,40.0,64.0,34.0,32.0,80.0,80.0,1341.0,72.0,73.0,48.0,116.0,0.0,64.0,48.0,32.0,312.0,72.0,48.0,61.0,56.0,18.0,2896.0,48.0,112.0,794.0,296.0,38.0,193.0,112.0,300.0,344.0,10304.0,64.0,64.0,330.0,72.0,24.0,40.0,32.0,72.0,8.0,31.0,54.0,56.0,56.0,32.0,58.0,58.0,47.0,80.0,33.0,40.0,44.0,63.0,440.0,72.0,80.0,120.0,190.0,24.0,69.0,85.0,64.0,16.0,88.0,106.0,33.0,226.0,80.0,1.0,32.0,49.0,72.0,71.0,502.0,16.0,60.0,56.0,63.0,107.0,27.0,52.0,56.0,32.0,112.0,285.0,2435.0,1.0,48.0,57.0,64.0,79.0,56.0,16.0,16.0,48.0,0.0,71.0,32.0,25.0,40.0,64.0,81.0,56.0,16.0,40.0,82.0,0.0,52.0,64.0,80.0,224.0,88.0,21.0,31.0,46.0,77.0,4416.0,72.0,79.0,62.0,172.0,14.0,560.0,156.0,64.0,32.0,1.0,8.0,159.0,49.0,49.0,48.0,56.0,40.0,56.0,49.0,7.0,73.0,169.0,8.0,368.0,65.0,2894.0,349.0,6265.0,112.0,23.0,7.0,21.0,151.0,57.0,0.0,117.0,64.0,583.0,42.0,15.0,95.0,32.0,86.0,77.0,25.0,78.0,64.0,88.0,1224.0,88.0,32.0,51.0,488.0,45.0,20.0,33.0,234.0,24.0,32.0,16.0,1.0,48.0,5.0,232.0,7.0,24.0,12.0,255.0,64.0,56.0,57.0,0.0,5.0,68.0,72.0,12.0,23.0,61.0,126.0,246.0,87.0,137.0,13.0,48.0,32.0,32.0,514.0,42.0,17.0,24.0,360.0,55.0,48.0,47.0,8.0,24.0,12.0,48.0,24.0,40.0,72.0,40.0,69.0,63.0,46.0,69.0,12.0,29.0,24.0,7.0,1.0,20.0,71.0,14.0,39.0,67.0,112.0,57.0,50.0,9.0,88.0,40.0,112.0,60.0,8.0,55.0,35.0,1.0,61.0,48.0,24.0,48.0,96.0,288.0,281.0,8.0,18.0,95.0,9.0,55.0,40.0,128.0,17.0,12.0,82.0,18.0,264.0,16.0,1016.0,16.0,48.0,19.0,38.0,91.0,104.0,8.0,80.0,32.0,10.0,72.0,20.0,38.0,1.0,48.0,8.0,104.0,230.0,46.0,496.0,59.0,248.0,24.0,40.0,224.0,197.0,13.0,50.0
A10E8QHPV30BAD,128.0,8.0,24.0,24.0,80.0,48.0,81.0,304.0,7.0,9.0,27.0,122.0,80.0,72.0,88.0,7.0,63.0,86.0,27.0,0.0,88.0,384.0,117.0,9.0,73.0,64.0,72.0,24.0,64.0,3420.0,885.0,62.0,57.0,40.0,64.0,52.0,468.0,409.0,420.0,58.0,25.0,65.0,56.0,80.0,40.0,32.0,68.0,0.0,67.0,352.0,13.0,64.0,63.0,39.0,39.0,48.0,17.0,96.0,143.0,16.0,70.0,58.0,249.0,64.0,40.0,74.0,12.0,71.0,823.0,40.0,24.0,136.0,24.0,6.0,40.0,103.0,24.0,24.0,62.0,23.0,32.0,39.0,53.0,121.0,43.0,5869.0,88.0,80.0,63.0,24.0,80.0,16.0,24.0,32.0,215.0,51.0,329.0,12.0,22.0,139.0,37.0,38.0,73.0,1112.0,966.0,48.0,91.0,57.0,104.0,182.0,80.0,58.0,768.0,280.0,368.0,127.0,20.0,69.0,56.0,48.0,59.0,8.0,25.0,60.0,153.0,749.0,22.0,42.0,13.0,48.0,40.0,41.0,8.0,72.0,56.0,60.0,19.0,15.0,89.0,32.0,282.0,55.0,72.0,12.0,423.0,26.0,29.0,0.0,0.0,19.0,52.0,16.0,64.0,73.0,1530.0,1571.0,56.0,32.0,79.0,38.0,32.0,101.0,13.0,44.0,16.0,20.0,56.0,24.0,56.0,72.0,0.0,2.0,18.0,43.0,72.0,55.0,32.0,40.0,48.0,75.0,58.0,35.0,15.0,52.0,36.0,72.0,232.0,35.0,62.0,24.0,8.0,9.0,40.0,78.0,41.0,32.0,24.0,59.0,32.0,64.0,168.0,40.0,143.0,37.0,32.0,80.0,96.0,95.0,40.0,56.0,1.0,85.0,57.0,40.0,33.0,112.0,72.0,48.0,46.0,32.0,336.0,40.0,93.0,76.0,46.0,40.0,80.0,72.0,89.0,80.0,39.0,1.0,11.0,8.0,33.0,40.0,176.0,8.0,32.0,1.0,117.0,96.0,219.0,1.0,19.0,73.0,95.0,184.0,56.0,56.0,51.0,0.0,47.0,25.0,32.0,234.0,97.0,8.0,39.0,64.0,80.0,2896.0,40.0,288.0,52.0,216.0,40.0,80.0,88.0,8.0,37.0,68.0,53.0,24.0,2914.0,57.0,56.0,304.0,744.0,7.0,8.0,115.0,64.0,88.0,56.0,2112.0,40.0,48.0,48.0,163.0,86.0,41.0,36.0,48.0,226.0,114.0,98.0,56.0,40.0,74.0,71.0,69.0,71.0,64.0,48.0,24.0,80.0,63.0,95.0,88.0,25.0,1392.0,73.0,1.0,39.0,0.0,56.0,65.0,45.0,64.0,7.0,25.0,25.0,71.0,72.0,8.0,48.0,1.0,14.0,48.0,24.0,39.0,35.0,120.0,212.0,8.0,35.0,100.0,68.0,636.0,16.0,13.0,100.0,23.0,48.0,48.0,64.0,72.0,24.0,41.0,27.0,54.0,653.0,8.0,21.0,56.0,64.0,57.0,1254.0,1060.0,23.0,3419.0,112.0,64.0,24.0,17.0,13.0,65.0,95.0,72.0,53.0,1.0,26.0,48.0,57.0,78.0,38.0,240.0,72.0,96.0,43.0,40.0,24.0,38.0,88.0,80.0,256.0,20.0,70.0,42.0,17.0,80.0,8.0,18.0,65.0,53.0,64.0,139.0,18.0,128.0,32.0,1728.0,1.0,6321.0,112.0,144.0,84.0,0.0,44.0,8.0,53.0,24.0,17.0,96.0,28.0,57.0,7.0,54.0,48.0,567.0,9.0,63.0,7.0,64.0,72.0,25.0,96.0,40.0,32.0,32.0,24.0,17.0,48.0,240.0,1.0,17.0,59.0,12.0,209.0,60.0,80.0,40.0,1.0,34.0,70.0,79.0,216.0,64.0,8.0,40.0,1.0,48.0,40.0,56.0,56.0,3928.0,24.0,8.0,1.0,8.0,72.0,56.0,29.0,56.0,48.0,48.0,8.0,10.0,32.0,720.0,137.0,12.0,67.0,172.0,88.0,72.0,72.0,40.0,86.0,24.0,1360.0,80.0,93.0,424.0,56.0,48.0,56.0,56.0,566.0,44.0,144.0,80.0,36.0,47.0,37.0,40.0,40.0,25.0,24.0,10.0,59.0,78.0
A11T1LGIWPM9Z1,96.0,48.0,64.0,64.0,32.0,48.0,64.0,16.0,624.0,384.0,128.0,48.0,0.0,16.0,0.0,848.0,16.0,144.0,928.0,512.0,80.0,96.0,144.0,256.0,63.0,608.0,1.0,0.0,81.0,96.0,1.0,31.0,47.0,32.0,80.0,240.0,15.0,16.0,80.0,32.0,64.0,97.0,129.0,671.0,48.0,1.0,48.0,32.0,1.0,80.0,16.0,400.0,160.0,80.0,48.0,288.0,1696.0,192.0,128.0,752.0,144.0,96.0,16.0,48.0,48.0,96.0,0.0,48.0,143.0,688.0,80.0,48.0,32.0,96.0,64.0,128.0,126.0,0.0,80.0,96.0,16.0,48.0,80.0,0.0,32.0,32.0,32.0,96.0,160.0,0.0,368.0,176.0,112.0,48.0,64.0,352.0,384.0,16.0,32.0,145.0,160.0,15.0,63.0,32.0,1121.0,31.0,176.0,113.0,288.0,721.0,176.0,160.0,32.0,64.0,16.0,48.0,544.0,96.0,64.0,79.0,128.0,48.0,75.0,1.0,16.0,112.0,63.0,320.0,80.0,63.0,513.0,159.0,96.0,80.0,160.0,32.0,48.0,16.0,32.0,48.0,144.0,0.0,400.0,32.0,80.0,96.0,48.0,64.0,48.0,224.0,32.0,192.0,48.0,256.0,112.0,64.0,80.0,16.0,0.0,16.0,0.0,48.0,0.0,112.0,32.0,1.0,16.0,304.0,64.0,0.0,32.0,32.0,496.0,112.0,48.0,32.0,80.0,976.0,113.0,48.0,32.0,47.0,31.0,33.0,32.0,112.0,15.0,96.0,63.0,31.0,16.0,79.0,64.0,192.0,128.0,111.0,16.0,64.0,176.0,33.0,16.0,16.0,432.0,112.0,64.0,80.0,160.0,96.0,160.0,1.0,1.0,1.0,32.0,48.0,64.0,608.0,160.0,96.0,80.0,96.0,0.0,272.0,16.0,1.0,144.0,208.0,160.0,80.0,112.0,0.0,48.0,32.0,0.0,16.0,64.0,64.0,64.0,80.0,64.0,48.0,112.0,480.0,0.0,128.0,32.0,48.0,64.0,432.0,32.0,16.0,32.0,288.0,448.0,80.0,128.0,48.0,48.0,112.0,64.0,96.0,16.0,63.0,528.0,80.0,192.0,256.0,31.0,224.0,47.0,32.0,368.0,95.0,96.0,47.0,127.0,31.0,15.0,176.0,0.0,207.0,1.0,48.0,32.0,240.0,112.0,112.0,64.0,1.0,64.0,32.0,720.0,64.0,112.0,80.0,48.0,1.0,1.0,96.0,320.0,144.0,1.0,64.0,64.0,160.0,31.0,144.0,96.0,32.0,0.0,160.0,16.0,80.0,64.0,32.0,16.0,0.0,32.0,32.0,208.0,416.0,64.0,48.0,112.0,80.0,64.0,16.0,0.0,32.0,16.0,0.0,32.0,48.0,48.0,208.0,80.0,48.0,0.0,112.0,256.0,80.0,64.0,64.0,464.0,0.0,80.0,128.0,32.0,128.0,80.0,352.0,80.0,112.0,32.0,1457.0,240.0,96.0,191.0,1343.0,64.0,80.0,47.0,32.0,128.0,48.0,464.0,32.0,64.0,128.0,16.0,1.0,288.0,80.0,64.0,368.0,48.0,96.0,1.0,544.0,208.0,80.0,48.0,0.0,64.0,1.0,128.0,32.0,640.0,80.0,1.0,80.0,64.0,48.0,32.0,48.0,16.0,64.0,32.0,160.0,0.0,224.0,0.0,96.0,128.0,0.0,705.0,0.0,1456.0,192.0,64.0,64.0,128.0,48.0,640.0,0.0,32.0,225.0,112.0,96.0,32.0,65.0,1.0,48.0,0.0,32.0,32.0,95.0,32.0,95.0,31.0,657.0,97.0,63.0,32.0,32.0,0.0,16.0,80.0,31.0,32.0,64.0,1.0,32.0,64.0,32.0,496.0,1.0,368.0,112.0,48.0,144.0,16.0,32.0,32.0,48.0,208.0,32.0,112.0,128.0,80.0,192.0,32.0,32.0,32.0,96.0,32.0,64.0,144.0,15.0,80.0,64.0,48.0,608.0,64.0,112.0,48.0,0.0,64.0,48.0,64.0,32.0,736.0,96.0,32.0,48.0,64.0,48.0,337.0,16.0,192.0,112.0,512.0,96.0,96.0,80.0,160.0,48.0,63.0,176.0,80.0,192.0,192.0,176.0,32.0
A11T1LGIWPM9Z1,65.0,48.0,48.0,0.0,16.0,128.0,144.0,16.0,112.0,80.0,32.0,80.0,80.0,80.0,96.0,160.0,128.0,112.0,144.0,256.0,1488.0,673.0,128.0,128.0,48.0,144.0,32.0,48.0,16.0,0.0,64.0,32.0,0.0,80.0,448.0,96.0,0.0,48.0,32.0,32.0,0.0,32.0,64.0,495.0,48.0,0.0,64.0,33.0,464.0,400.0,95.0,1.0,79.0,31.0,96.0,96.0,143.0,1.0,336.0,64.0,16.0,1.0,32.0,80.0,32.0,208.0,32.0,112.0,1.0,125.0,175.0,80.0,336.0,80.0,64.0,80.0,80.0,48.0,48.0,576.0,1.0,107.0,63.0,95.0,63.0,96.0,64.0,335.0,96.0,80.0,176.0,80.0,64.0,48.0,176.0,80.0,80.0,272.0,96.0,80.0,160.0,48.0,128.0,32.0,32.0,64.0,608.0,176.0,0.0,80.0,32.0,33.0,64.0,96.0,94.0,48.0,32.0,592.0,112.0,96.0,48.0,176.0,48.0,112.0,352.0,192.0,64.0,96.0,48.0,48.0,17.0,49.0,96.0,1.0,33.0,79.0,32.0,0.0,432.0,0.0,143.0,144.0,31.0,880.0,16.0,80.0,16.0,112.0,320.0,48.0,1.0,432.0,32.0,160.0,80.0,32.0,64.0,64.0,0.0,512.0,176.0,128.0,96.0,144.0,1.0,288.0,80.0,320.0,80.0,64.0,128.0,80.0,0.0,48.0,64.0,96.0,48.0,144.0,560.0,64.0,96.0,0.0,0.0,112.0,112.0,16.0,0.0,48.0,48.0,79.0,833.0,96.0,256.0,112.0,32.0,144.0,32.0,144.0,80.0,32.0,160.0,64.0,0.0,864.0,192.0,176.0,160.0,1296.0,112.0,95.0,15.0,95.0,256.0,95.0,31.0,144.0,144.0,1.0,128.0,48.0,32.0,128.0,31.0,48.0,32.0,96.0,64.0,112.0,1.0,224.0,480.0,80.0,16.0,64.0,112.0,112.0,64.0,16.0,32.0,80.0,64.0,432.0,144.0,96.0,96.0,1.0,96.0,64.0,176.0,1.0,144.0,240.0,144.0,2016.0,64.0,144.0,96.0,32.0,16.0,96.0,16.0,0.0,97.0,48.0,32.0,112.0,112.0,288.0,0.0,32.0,32.0,80.0,880.0,48.0,128.0,16.0,224.0,0.0,32.0,48.0,32.0,32.0,32.0,192.0,32.0,592.0,79.0,111.0,111.0,15.0,128.0,64.0,80.0,175.0,0.0,64.0,128.0,15.0,31.0,1.0,16.0,32.0,32.0,64.0,64.0,224.0,1.0,128.0,32.0,16.0,32.0,80.0,80.0,80.0,32.0,0.0,80.0,32.0,112.0,96.0,176.0,96.0,160.0,192.0,16.0,1.0,96.0,1.0,256.0,16.0,96.0,32.0,592.0,192.0,448.0,32.0,544.0,80.0,224.0,0.0,224.0,144.0,32.0,32.0,336.0,64.0,32.0,849.0,144.0,176.0,48.0,16.0,96.0,64.0,144.0,32.0,576.0,48.0,160.0,80.0,48.0,31.0,128.0,31.0,385.0,32.0,31.0,96.0,32.0,1.0,33.0,64.0,128.0,176.0,1.0,1.0,128.0,81.0,144.0,560.0,16.0,112.0,64.0,144.0,32.0,432.0,176.0,208.0,256.0,64.0,48.0,544.0,32.0,32.0,96.0,112.0,64.0,96.0,32.0,48.0,33.0,80.0,80.0,144.0,1.0,80.0,32.0,48.0,64.0,32.0,96.0,96.0,496.0,64.0,32.0,96.0,1.0,112.0,144.0,0.0,32.0,48.0,0.0,0.0,16.0,64.0,32.0,112.0,158.0,0.0,32.0,224.0,80.0,64.0,32.0,752.0,96.0,16.0,128.0,240.0,0.0,48.0,96.0,48.0,336.0,64.0,31.0,63.0,32.0,95.0,95.0,80.0,64.0,32.0,0.0,112.0,96.0,96.0,529.0,1.0,128.0,63.0,112.0,112.0,80.0,128.0,112.0,112.0,48.0,368.0,16.0,16.0,128.0,31.0,880.0,32.0,112.0,32.0,1.0,112.0,32.0,96.0,32.0,48.0,80.0,112.0,48.0,544.0,224.0,128.0,64.0,96.0,96.0,160.0,176.0,1.0,16.0,48.0,64.0,160.0,0.0,64.0,16.0,32.0,0.0
A11T1LGIWPM9Z1,48.0,1.0,64.0,1.0,64.0,113.0,160.0,47.0,15.0,1.0,288.0,96.0,48.0,736.0,160.0,64.0,1.0,64.0,32.0,256.0,656.0,144.0,144.0,704.0,16.0,288.0,272.0,96.0,800.0,160.0,48.0,176.0,143.0,3681.0,64.0,799.0,144.0,48.0,112.0,256.0,80.0,64.0,32.0,144.0,0.0,528.0,32.0,32.0,15.0,31.0,47.0,48.0,81.0,0.0,96.0,0.0,31.0,63.0,31.0,16.0,1.0,320.0,1.0,31.0,47.0,1.0,128.0,64.0,33.0,31.0,96.0,80.0,16.0,80.0,160.0,496.0,96.0,16.0,80.0,32.0,32.0,32.0,64.0,48.0,79.0,272.0,32.0,128.0,1.0,80.0,31.0,32.0,64.0,80.0,352.0,192.0,16.0,96.0,64.0,32.0,34.0,80.0,48.0,32.0,64.0,176.0,16.0,96.0,30.0,480.0,80.0,192.0,288.0,176.0,80.0,96.0,464.0,208.0,240.0,96.0,0.0,48.0,97.0,48.0,96.0,64.0,48.0,752.0,16.0,16.0,113.0,31.0,128.0,96.0,0.0,512.0,0.0,1535.0,96.0,496.0,192.0,31.0,1.0,48.0,32.0,31.0,32.0,144.0,80.0,32.0,176.0,64.0,64.0,144.0,208.0,64.0,96.0,192.0,32.0,1.0,96.0,96.0,96.0,112.0,143.0,80.0,64.0,48.0,80.0,224.0,48.0,128.0,176.0,48.0,48.0,5087.0,0.0,64.0,112.0,96.0,0.0,64.0,48.0,304.0,128.0,208.0,272.0,80.0,160.0,96.0,80.0,160.0,80.0,32.0,95.0,48.0,288.0,161.0,272.0,512.0,111.0,63.0,79.0,880.0,512.0,192.0,224.0,127.0,240.0,256.0,96.0,144.0,32.0,96.0,16.0,1.0,96.0,48.0,976.0,1.0,112.0,1.0,112.0,32.0,48.0,32.0,128.0,32.0,80.0,112.0,352.0,224.0,112.0,32.0,32.0,32.0,32.0,0.0,464.0,144.0,48.0,96.0,32.0,96.0,48.0,16.0,64.0,48.0,496.0,176.0,80.0,128.0,225.0,304.0,1696.0,48.0,96.0,112.0,16.0,32.0,96.0,16.0,0.0,64.0,33.0,79.0,80.0,112.0,64.0,79.0,15.0,31.0,49.0,593.0,15.0,95.0,32.0,1.0,47.0,15.0,31.0,1.0,15.0,32.0,192.0,128.0,112.0,1.0,144.0,111.0,96.0,32.0,624.0,32.0,80.0,1.0,64.0,128.0,32.0,96.0,80.0,16.0,80.0,240.0,64.0,32.0,353.0,96.0,176.0,32.0,32.0,1.0,144.0,96.0,32.0,48.0,0.0,1792.0,32.0,159.0,32.0,112.0,192.0,144.0,272.0,64.0,16.0,80.0,0.0,688.0,144.0,96.0,16.0,480.0,161.0,64.0,224.0,80.0,64.0,0.0,64.0,112.0,32.0,48.0,240.0,144.0,144.0,96.0,32.0,128.0,16.0,128.0,0.0,304.0,32.0,192.0,143.0,127.0,16.0,112.0,1.0,336.0,96.0,32.0,48.0,15.0,31.0,320.0,176.0,112.0,144.0,128.0,64.0,48.0,16.0,96.0,32.0,32.0,496.0,80.0,96.0,1.0,560.0,144.0,144.0,176.0,48.0,0.0,112.0,48.0,64.0,96.0,80.0,16.0,64.0,32.0,160.0,33.0,33.0,33.0,33.0,33.0,33.0,33.0,31.0,16.0,64.0,96.0,64.0,96.0,96.0,96.0,48.0,96.0,80.0,96.0,144.0,64.0,80.0,32.0,32.0,48.0,80.0,144.0,32.0,80.0,128.0,112.0,112.0,80.0,80.0,144.0,48.0,48.0,96.0,0.0,80.0,81.0,48.0,112.0,15.0,500.0,33.0,33.0,33.0,33.0,33.0,33.0,33.0,33.0,33.0,33.0,33.0,33.0,63.0,113.0,15.0,112.0,32.0,31.0,144.0,465.0,63.0,95.0,655.0,48.0,49.0,30.0,79.0,0.0,128.0,47.0,128.0,336.0,160.0,16.0,144.0,128.0,48.0,368.0,64.0,48.0,1.0,1.0,128.0,0.0,384.0,32.0,112.0,48.0,0.0,16.0,1.0,48.0,32.0,48.0,176.0,112.0,32.0,48.0,96.0,144.0,32.0,96.0,80.0
A11T1LGIWPM9Z1,64.0,64.0,48.0,32.0,624.0,16.0,80.0,0.0,32.0,16.0,128.0,32.0,0.0,0.0,48.0,416.0,16.0,176.0,160.0,160.0,96.0,96.0,96.0,16.0,16.0,79.0,64.0,65.0,1088.0,64.0,0.0,1.0,432.0,528.0,80.0,48.0,289.0,80.0,63.0,559.0,32.0,1.0,32.0,80.0,144.0,48.0,80.0,32.0,1.0,112.0,16.0,16.0,32.0,32.0,64.0,80.0,352.0,128.0,80.0,16.0,1808.0,1200.0,432.0,352.0,96.0,16.0,96.0,2897.0,128.0,256.0,64.0,128.0,112.0,352.0,176.0,112.0,16.0,32.0,0.0,96.0,96.0,80.0,112.0,48.0,224.0,15.0,15.0,32.0,15.0,16.0,47.0,48.0,48.0,65.0,112.0,32.0,48.0,16.0,0.0,0.0,1.0,15.0,288.0,48.0,111.0,16.0,112.0,128.0,129.0,111.0,1.0,1.0,1.0,96.0,128.0,1.0,128.0,96.0,96.0,144.0,1.0,48.0,48.0,1.0,496.0,80.0,128.0,16.0,144.0,1.0,65.0,17.0,80.0,96.0,32.0,160.0,1.0,336.0,96.0,0.0,48.0,0.0,160.0,32.0,112.0,48.0,144.0,0.0,112.0,336.0,80.0,32.0,160.0,0.0,96.0,32.0,3153.0,64.0,16.0,96.0,208.0,64.0,320.0,576.0,47.0,95.0,113.0,1616.0,79.0,31.0,1.0,47.0,32.0,1504.0,1.0,96.0,1.0,208.0,704.0,1232.0,32.0,80.0,16.0,32.0,48.0,64.0,16.0,32.0,0.0,32.0,1.0,64.0,48.0,32.0,48.0,1.0,256.0,128.0,32.0,16.0,48.0,352.0,64.0,32.0,0.0,48.0,208.0,64.0,128.0,16.0,64.0,32.0,80.0,80.0,448.0,112.0,64.0,96.0,128.0,80.0,144.0,48.0,16.0,16.0,0.0,48.0,32.0,2080.0,112.0,63.0,112.0,128.0,47.0,48.0,0.0,27.0,161.0,208.0,159.0,47.0,176.0,31.0,96.0,31.0,80.0,16.0,64.0,48.0,48.0,32.0,48.0,80.0,63.0,800.0,48.0,128.0,64.0,32.0,48.0,32.0,144.0,1.0,64.0,480.0,112.0,1.0,16.0,144.0,32.0,64.0,1.0,96.0,352.0,112.0,208.0,16.0,112.0,1.0,80.0,48.0,464.0,80.0,80.0,64.0,112.0,64.0,80.0,192.0,96.0,32.0,16.0,48.0,32.0,224.0,112.0,144.0,48.0,16.0,48.0,32.0,0.0,432.0,192.0,80.0,112.0,144.0,320.0,0.0,112.0,32.0,0.0,144.0,240.0,400.0,80.0,160.0,95.0,79.0,111.0,16.0,1.0,176.0,0.0,63.0,15.0,63.0,1.0,1.0,1.0,0.0,223.0,112.0,16.0,33.0,144.0,16.0,224.0,96.0,336.0,544.0,1.0,16.0,80.0,48.0,1.0,48.0,112.0,32.0,96.0,16.0,32.0,112.0,96.0,48.0,1.0,240.0,96.0,80.0,80.0,832.0,16.0,48.0,32.0,112.0,160.0,1168.0,48.0,48.0,64.0,48.0,16.0,1.0,64.0,128.0,255.0,96.0,80.0,64.0,608.0,16.0,48.0,64.0,96.0,481.0,224.0,32.0,80.0,128.0,16.0,48.0,352.0,112.0,80.0,32.0,48.0,592.0,192.0,208.0,80.0,64.0,80.0,0.0,96.0,32.0,47.0,95.0,33.0,0.0,256.0,96.0,79.0,63.0,752.0,736.0,64.0,128.0,48.0,80.0,48.0,1.0,16.0,80.0,16.0,208.0,368.0,80.0,1.0,128.0,16.0,368.0,64.0,176.0,240.0,16.0,80.0,16.0,160.0,208.0,1.0,48.0,112.0,48.0,544.0,1.0,16.0,160.0,128.0,80.0,80.0,32.0,80.0,16.0,48.0,32.0,1.0,64.0,64.0,96.0,32.0,368.0,112.0,48.0,112.0,16.0,32.0,32.0,128.0,0.0,48.0,96.0,16.0,80.0,48.0,80.0,368.0,48.0,304.0,32.0,80.0,48.0,16.0,48.0,96.0,0.0,704.0,32.0,144.0,128.0,384.0,32.0,65.0,80.0,16.0,79.0,32.0,48.0,0.0,15.0,272.0,79.0,63.0,176.0,32.0
A145PJ769UGAID,95.0,17.0,48.0,32.0,4.0,15.0,73.0,40.0,55.0,24.0,40.0,31.0,64.0,40.0,81.0,32.0,47.0,31.0,8.0,16.0,8.0,8.0,24.0,7.0,17.0,1.0,111.0,98.0,24.0,79.0,49.0,16.0,39.0,32.0,24.0,40.0,9.0,33.0,8.0,56.0,17.0,31.0,24.0,40.0,7.0,39.0,7.0,15.0,1.0,9.0,23.0,15.0,16.0,47.0,49.0,24.0,96.0,23.0,24.0,9.0,17.0,66.0,9.0,32.0,46.0,65.0,17.0,30.0,136.0,129.0,40.0,112.0,32.0,25.0,16.0,58.0,24.0,32.0,39.0,40.0,7.0,8.0,200.0,63.0,16.0,88.0,24.0,9.0,1.0,16.0,8.0,32.0,112.0,329.0,241.0,18.0,88.0,86.0,97.0,22.0,32.0,48.0,48.0,49.0,106.0,2.0,1.0,40.0,1.0,16.0,90.0,16.0,8.0,16.0,9.0,39.0,4.0,48.0,23.0,31.0,40.0,57.0,7.0,16.0,16.0,121.0,193.0,1.0,31.0,216.0,39.0,104.0,8.0,16.0,16.0,32.0,31.0,97.0,0.0,24.0,74.0,4.0,56.0,63.0,98.0,96.0,31.0,81.0,64.0,23.0,16.0,15.0,96.0,127.0,8.0,55.0,32.0,18.0,40.0,33.0,26.0,8.0,79.0,106.0,8.0,23.0,113.0,1.0,14.0,65.0,6.0,49.0,106.0,7.0,41.0,15.0,32.0,23.0,4.0,39.0,55.0,32.0,47.0,32.0,111.0,15.0,96.0,46.0,1.0,16.0,66.0,306.0,49.0,129.0,39.0,40.0,73.0,1.0,41.0,23.0,17.0,72.0,466.0,511.0,57.0,39.0,86.0,78.0,7.0,144.0,10.0,23.0,15.0,15.0,39.0,39.0,57.0,16.0,81.0,33.0,9.0,6.0,15.0,23.0,16.0,80.0,16.0,7.0,66.0,9.0,89.0,129.0,15.0,104.0,40.0,15.0,24.0,2.0,8.0,16.0,73.0,8.0,15.0,8.0,97.0,38.0,103.0,7.0,8.0,55.0,14.0,42.0,47.0,2.0,49.0,33.0,113.0,33.0,89.0,30.0,39.0,216.0,24.0,16.0,7.0,40.0,8.0,72.0,9.0,56.0,56.0,15.0,32.0,49.0,17.0,16.0,48.0,1.0,48.0,10.0,22.0,16.0,16.0,24.0,8.0,17.0,48.0,31.0,57.0,33.0,32.0,30.0,49.0,56.0,31.0,48.0,8.0,72.0,1.0,97.0,568.0,290.0,89.0,90.0,40.0,32.0,120.0,1.0,39.0,1.0,23.0,5.0,8.0,24.0,47.0,47.0,48.0,120.0,32.0,41.0,1.0,905.0,121.0,56.0,16.0,15.0,385.0,104.0,49.0,16.0,8.0,17.0,512.0,31.0,40.0,81.0,2.0,41.0,34.0,80.0,41.0,97.0,409.0,38.0,24.0,16.0,41.0,7.0,32.0,15.0,6.0,15.0,7.0,89.0,15.0,249.0,106.0,106.0,16.0,72.0,288.0,98.0,288.0,192.0,17.0,112.0,33.0,15.0,24.0,54.0,9.0,31.0,48.0,49.0,24.0,9.0,24.0,32.0,31.0,64.0,26.0,2.0,16.0,23.0,72.0,55.0,8.0,24.0,24.0,46.0,71.0,31.0,31.0,66.0,8.0,9.0,48.0,25.0,50.0,23.0,4.0,40.0,33.0,15.0,8.0,2.0,2.0,31.0,112.0,65.0,2.0,32.0,24.0,33.0,57.0,2.0,15.0,2.0,33.0,32.0,48.0,25.0,15.0,90.0,39.0,39.0,46.0,23.0,65.0,38.0,38.0,41.0,39.0,18.0,40.0,113.0,65.0,16.0,81.0,88.0,113.0,32.0,79.0,23.0,9.0,9.0,30.0,15.0,8.0,30.0,64.0,5.0,24.0,32.0,8.0,40.0,2.0,39.0,64.0,22.0,7.0,33.0,30.0,6.0,46.0,65.0,47.0,24.0,64.0,8.0,25.0,31.0,16.0,2.0,409.0,2.0,1.0,40.0,80.0,121.0,48.0,39.0,104.0,42.0,71.0,8.0,1.0,144.0,96.0,56.0,24.0,9.0,39.0,55.0,39.0,105.0,33.0
A145PJ769UGAID,74.0,104.0,7.0,1.0,31.0,4.0,1.0,32.0,16.0,16.0,38.0,57.0,112.0,39.0,127.0,31.0,47.0,16.0,334.0,1.0,1.0,1.0,16.0,15.0,17.0,9.0,15.0,33.0,56.0,80.0,89.0,8.0,64.0,24.0,14.0,24.0,15.0,42.0,15.0,66.0,8.0,4417.0,48.0,49.0,24.0,39.0,8.0,32.0,31.0,33.0,25.0,17.0,9.0,39.0,33.0,2.0,32.0,65.0,41.0,16.0,15.0,2.0,8.0,30.0,65.0,66.0,6.0,16.0,24.0,920.0,122.0,17.0,8.0,193.0,30.0,48.0,39.0,65.0,40.0,103.0,49.0,40.0,199.0,130.0,9.0,55.0,106.0,50.0,113.0,80.0,9.0,31.0,87.0,72.0,17.0,138.0,42.0,32.0,16.0,186.0,8.0,2.0,31.0,16.0,833.0,105.0,104.0,112.0,90.0,200.0,23.0,8.0,17.0,15.0,8.0,5.0,73.0,24.0,8.0,73.0,113.0,23.0,34.0,15.0,32.0,80.0,40.0,39.0,64.0,1.0,82.0,30.0,17.0,239.0,57.0,1.0,32.0,7.0,31.0,30.0,40.0,33.0,41.0,23.0,105.0,9.0,593.0,368.0,34.0,17.0,71.0,9.0,15.0,65.0,39.0,761.0,112.0,24.0,25.0,1.0,42.0,6.0,33.0,7.0,25.0,40.0,7.0,1.0,33.0,8.0,22.0,32.0,40.0,90.0,15.0,193.0,104.0,0.0,24.0,42.0,23.0,32.0,16.0,14.0,80.0,2.0,106.0,113.0,17.0,47.0,344.0,264.0,2.0,15.0,22.0,79.0,8.0,842.0,96.0,32.0,38.0,9.0,680.0,72.0,297.0,41.0,31.0,160.0,48.0,23.0,144.0,23.0,31.0,56.0,128.0,8.0,112.0,39.0,16.0,9.0,31.0,48.0,57.0,32.0,96.0,352.0,168.0,176.0,7321.0,241.0,137.0,128.0,1.0,2.0,56.0,47.0,64.0,96.0,47.0,2.0,16.0,2042.0,128.0,72.0,23.0,32.0,31.0,55.0,6.0,23.0,5.0,2.0,23.0,2.0,24.0,80.0,65.0,22.0,47.0,32.0,1.0,66.0,16.0,47.0,40.0,73.0,33.0,2.0,40.0,121.0,41.0,169.0,88.0,73.0,200.0,32.0,2.0,15.0,1.0,72.0,22.0,55.0,119.0,8.0,15.0,2.0,31.0,8.0,17.0,23.0,121.0,32.0,24.0,8.0,1.0,249.0,15.0,26.0,16.0,31.0,56.0,25.0,17.0,9.0,15.0,66.0,62.0,129.0,39.0,24.0,64.0,31.0,17.0,23.0,23.0,30.0,39.0,25.0,3.0,32.0,2.0,26.0,8.0,57.0,14.0,48.0,24.0,40.0,16.0,32.0,25.0,106.0,22.0,48.0,25.0,32.0,88.0,112.0,24.0,56.0,8.0,121.0,47.0,368.0,66.0,154.0,40.0,39.0,111.0,87.0,79.0,49.0,38.0,265.0,113.0,15.0,31.0,8.0,2.0,72.0,48.0,32.0,65.0,8.0,424.0,88.0,38.0,120.0,73.0,88.0,7.0,9.0,48.0,23.0,16.0,24.0,153.0,40.0,64.0,23.0,40.0,23.0,48.0,39.0,48.0,55.0,46.0,39.0,113.0,50.0,31.0,24.0,40.0,2.0,31.0,49.0,55.0,58.0,25.0,48.0,24.0,71.0,25.0,24.0,57.0,168.0,8.0,11.0,8.0,3.0,31.0,2.0,23.0,39.0,15.0,57.0,105.0,112.0,2.0,16.0,23.0,17.0,96.0,8.0,56.0,17.0,39.0,34.0,112.0,23.0,48.0,130.0,90.0,1504.0,46.0,104.0,33.0,9.0,46.0,47.0,8.0,15.0,138.0,3.0,31.0,31.0,47.0,24.0,17.0,8.0,24.0,15.0,66.0,18.0,8.0,80.0,30.0,10.0,81.0,8.0,9.0,65.0,32.0,9.0,24.0,168.0,24.0,104.0,201.0,129.0,16.0,23.0,266.0,63.0,48.0,25.0,16.0,681.0,194.0,1082.0,321.0,137.0,96.0,9.0,15.0,24.0,2.0,55.0,55.0,8.0,49.0,72.0,98.0,15.0,9.0,146.0,2.0
A145PJ769UGAID,207.0,272.0,177.0,39.0,38.0,7.0,10.0,40.0,191.0,512.0,105.0,105.0,96.0,103.0,112.0,1376.0,85.0,84.0,266.0,48.0,72.0,48.0,80.0,3.0,16.0,57.0,8.0,57.0,2.0,49.0,45.0,63.0,49.0,1713.0,90.0,66.0,82.0,120.0,7.0,55.0,42.0,98.0,47.0,39.0,39.0,129.0,40.0,25.0,47.0,15.0,24.0,7.0,2.0,2.0,1.0,428.0,121.0,122.0,57.0,232.0,8.0,937.0,81.0,15.0,7.0,1.0,224.0,600.0,9.0,65.0,41.0,473.0,84.0,85.0,84.0,193.0,415.0,4.0,33.0,46.0,31.0,38.0,63.0,48.0,16.0,41.0,8.0,55.0,24.0,8.0,8.0,55.0,97.0,31.0,106.0,40.0,24.0,121.0,4249.0,578.0,88.0,104.0,87.0,88.0,40.0,22.0,72.0,31.0,31.0,282.0,81.0,26.0,31.0,9.0,16.0,105.0,23.0,41.0,47.0,40.0,24.0,22.0,63.0,39.0,41.0,40.0,194.0,9.0,7.0,16.0,23.0,49.0,39.0,38.0,496.0,55.0,106.0,18.0,46.0,10.0,23.0,30.0,96.0,33.0,7.0,17.0,9.0,56.0,89.0,27.0,106.0,55.0,99.0,33.0,33.0,57.0,105.0,136.0,153.0,23.0,39.0,1025.0,72.0,80.0,40.0,265.0,48.0,88.0,120.0,168.0,15.0,161.0,3848.0,7.0,34.0,2.0,22.0,128.0,31.0,121.0,40.0,103.0,16.0,1241.0,105.0,129.0,128.0,57.0,385.0,57.0,47.0,34.0,47.0,7.0,55.0,47.0,24.0,56.0,33.0,152.0,128.0,129.0,49.0,106.0,8.0,104.0,601.0,49.0,16.0,1530.0,89.0,97.0,185.0,26.0,55.0,472.0,161.0,23.0,7.0,96.0,7.0,975.0,85.0,83.0,85.0,24.0,95.0,136.0,96.0,103.0,88.0,96.0,104.0,72.0,74.0,96.0,136.0,104.0,15.0,65.0,113.0,112.0,79.0,63.0,56.0,87.0,32.0,27.0,104.0,7.0,64.0,79.0,96.0,41.0,102.0,107.0,48.0,4.0,64.0,62.0,87.0,81.0,95.0,63.0,71.0,49.0,58.0,78.0,88.0,96.0,39.0,103.0,103.0,79.0,6.0,15.0,17.0,23.0,88.0,80.0,65.0,9.0,64.0,64.0,57.0,8.0,49.0,72.0,95.0,40.0,80.0,51.0,7.0,63.0,88.0,64.0,110.0,120.0,886.0,672.0,32.0,23.0,16.0,64.0,39.0,31.0,104.0,9.0,47.0,47.0,289.0,23.0,7.0,241.0,96.0,104.0,104.0,328.0,50.0,96.0,9.0,21.0,832.0,31.0,2.0,23.0,32.0,265.0,137.0,6585.0,90.0,81.0,2.0,472.0,64.0,39.0,31.0,64.0,64.0,40.0,16.0,41.0,26.0,81.0,30.0,40.0,8.0,16.0,22.0,40.0,6824.0,175.0,87.0,16.0,65.0,112.0,104.0,71.0,97.0,87.0,81.0,33.0,65.0,71.0,88.0,95.0,56.0,41.0,33.0,72.0,72.0,57.0,41.0,51.0,16.0,49.0,136.0,111.0,33.0,119.0,58.0,57.0,33.0,50.0,39.0,64.0,63.0,63.0,118.0,112.0,63.0,72.0,79.0,96.0,105.0,104.0,18.0,24.0,86.0,112.0,184.0,70.0,71.0,62.0,72.0,72.0,71.0,119.0,87.0,112.0,128.0,78.0,80.0,79.0,63.0,87.0,96.0,96.0,56.0,96.0,56.0,71.0,80.0,95.0,79.0,58.0,89.0,96.0,23.0,104.0,103.0,40.0,16.0,80.0,104.0,64.0,111.0,87.0,96.0,111.0,81.0,178.0,208.0,104.0,1632.0,32.0,88.0,56.0,32.0,104.0,79.0,56.0,72.0,63.0,42.0,74.0,23.0,17.0,41.0,55.0,55.0,79.0,41.0,7.0,127.0,38.0,39.0,72.0,79.0,54.0,64.0,63.0,72.0,54.0,79.0,65.0,136.0,103.0,95.0,121.0,25.0,104.0,56.0,71.0,56.0,55.0,88.0,32.0,96.0,144.0,106.0,64.0,501.0,84.0,6.0,501.0,83.0
A145PJ769UGAID,96.0,25.0,25.0,32.0,40.0,49.0,15.0,33.0,40.0,31.0,64.0,38.0,128.0,15.0,97.0,23.0,31.0,32.0,376.0,1.0,16.0,9.0,16.0,31.0,56.0,16.0,15.0,16.0,1680.0,86.0,135.0,23.0,17.0,96.0,25.0,49.0,1.0,41.0,17.0,39.0,8.0,152.0,23.0,1113.0,55.0,80.0,8.0,15.0,40.0,32.0,26.0,8.0,30.0,8.0,7.0,32.0,15.0,38.0,113.0,8.0,65.0,42.0,7.0,7.0,22.0,832.0,38.0,8.0,40.0,1.0,2.0,40.0,6.0,1290.0,32.0,33.0,56.0,121.0,22.0,24.0,105.0,7.0,208.0,248.0,48.0,328.0,23.0,47.0,113.0,257.0,57.0,1089.0,96.0,113.0,32.0,26.0,64.0,56.0,8.0,720.0,31.0,56.0,23.0,62.0,1.0,79.0,79.0,32.0,63.0,7.0,97.0,24.0,15.0,32.0,2.0,66.0,2.0,8.0,169.0,1.0,98.0,50.0,61.0,72.0,7.0,41.0,2.0,168.0,41.0,4600.0,17.0,57.0,56.0,15.0,137.0,184.0,1.0,8.0,16.0,73.0,40.0,56.0,8.0,81.0,81.0,30.0,8.0,15.0,66.0,16.0,24.0,8.0,15.0,57.0,48.0,3128.0,85.0,84.0,29.0,104.0,96.0,122.0,45.0,32.0,97.0,103.0,112.0,72.0,72.0,96.0,51.0,57.0,73.0,40.0,498.0,83.0,82.0,83.0,83.0,121.0,136.0,109.0,105.0,47.0,32.0,79.0,88.0,113.0,78.0,79.0,102.0,41.0,88.0,64.0,73.0,63.0,72.0,80.0,80.0,96.0,96.0,71.0,50.0,95.0,34.0,24.0,81.0,64.0,104.0,49.0,40.0,72.0,64.0,94.0,104.0,79.0,80.0,96.0,73.0,56.0,104.0,103.0,103.0,80.0,102.0,89.0,64.0,87.0,57.0,88.0,87.0,57.0,57.0,75.0,80.0,65.0,65.0,72.0,56.0,62.0,56.0,64.0,78.0,57.0,95.0,41.0,89.0,112.0,102.0,2.0,48.0,104.0,32.0,55.0,79.0,88.0,56.0,56.0,112.0,86.0,50.0,101.0,80.0,89.0,72.0,134.0,64.0,105.0,56.0,57.0,93.0,126.0,96.0,64.0,49.0,54.0,48.0,56.0,81.0,79.0,48.0,9.0,88.0,25.0,50.0,63.0,62.0,78.0,85.0,79.0,89.0,22.0,49.0,56.0,17.0,23.0,88.0,135.0,81.0,79.0,55.0,78.0,94.0,72.0,79.0,78.0,80.0,49.0,81.0,64.0,57.0,73.0,34.0,73.0,72.0,25.0,74.0,57.0,86.0,127.0,96.0,88.0,94.0,63.0,79.0,80.0,57.0,63.0,80.0,80.0,41.0,33.0,119.0,66.0,74.0,57.0,41.0,88.0,49.0,66.0,2.0,41.0,72.0,64.0,79.0,104.0,71.0,65.0,80.0,64.0,89.0,61.0,40.0,25.0,72.0,56.0,64.0,24.0,49.0,57.0,160.0,89.0,56.0,103.0,104.0,119.0,96.0,103.0,88.0,85.0,81.0,16.0,104.0,103.0,73.0,64.0,104.0,80.0,72.0,80.0,73.0,88.0,81.0,32.0,95.0,56.0,72.0,55.0,89.0,71.0,103.0,87.0,72.0,48.0,72.0,80.0,48.0,96.0,110.0,82.0,112.0,96.0,50.0,32.0,16.0,26.0,48.0,97.0,66.0,39.0,80.0,81.0,55.0,72.0,8.0,24.0,71.0,63.0,48.0,103.0,72.0,9.0,114.0,56.0,102.0,56.0,86.0,127.0,118.0,71.0,79.0,90.0,62.0,71.0,64.0,25.0,48.0,88.0,80.0,72.0,80.0,71.0,89.0,72.0,88.0,57.0,63.0,64.0,89.0,119.0,70.0,63.0,56.0,56.0,95.0,88.0,78.0,96.0,86.0,152.0,95.0,103.0,105.0,96.0,31.0,55.0,31.0,48.0,40.0,32.0,104.0,63.0,87.0,71.0,47.0,81.0,103.0,87.0,80.0,40.0,17.0,49.0,40.0,104.0,112.0,57.0,97.0,137.0,104.0,88.0,103.0,134.0,119.0,96.0,95.0,81.0,63.0
A161NZP385W1TX,72.0,64.0,32.0,128.0,104.0,136.0,56.0,48.0,232.0,88.0,25.0,40.0,33.0,9.0,225.0,111.0,73.0,9.0,39.0,17.0,9.0,41.0,1.0,23.0,31.0,153.0,89.0,32.0,40.0,55.0,8.0,65.0,7.0,88.0,8.0,49.0,64.0,24.0,8.0,24.0,23.0,8.0,560.0,72.0,25.0,24.0,8.0,33.0,8.0,17.0,47.0,128.0,176.0,64.0,64.0,48.0,48.0,184.0,40.0,32.0,48.0,16.0,48.0,32.0,49.0,40.0,16.0,64.0,145.0,16.0,104.0,56.0,32.0,128.0,88.0,16.0,24.0,24.0,8.0,88.0,32.0,88.0,64.0,112.0,1.0,88.0,63.0,40.0,40.0,8.0,40.0,88.0,145.0,57.0,64.0,57.0,15.0,25.0,64.0,81.0,33.0,120.0,81.0,369.0,143.0,352.0,31.0,48.0,65.0,41.0,71.0,320.0,25.0,39.0,112.0,793.0,152.0,63.0,25.0,56.0,24.0,178.0,320.0,40.0,56.0,112.0,88.0,40.0,168.0,145.0,33.0,25.0,8.0,664.0,88.0,32.0,40.0,16.0,16.0,24.0,24.0,16.0,41.0,8.0,136.0,16.0,24.0,24.0,16.0,40.0,24.0,544.0,48.0,40.0,96.0,32.0,71.0,23.0,8.0,0.0,8.0,8.0,88.0,56.0,112.0,56.0,39.0,24.0,16.0,73.0,137.0,49.0,200.0,8.0,48.0,97.0,72.0,32.0,39.0,16.0,55.0,985.0,104.0,121.0,65.0,384.0,128.0,31.0,15.0,49.0,24.0,32.0,8.0,17.0,31.0,32.0,33.0,25.0,23.0,56.0,9.0,80.0,81.0,57.0,9.0,24.0,88.0,8.0,40.0,24.0,48.0,40.0,216.0,104.0,168.0,8.0,24.0,80.0,24.0,16.0,48.0,32.0,48.0,16.0,64.0,96.0,304.0,256.0,208.0,144.0,536.0,208.0,8.0,33.0,39.0,9.0,32.0,56.0,1.0,184.0,73.0,608.0,17.0,8.0,32.0,48.0,320.0,48.0,105.0,248.0,1455.0,33.0,89.0,456.0,72.0,72.0,305.0,40.0,129.0,16.0,24.0,65.0,16.0,31.0,41.0,169.0,32.0,9.0,3.0,72.0,80.0,23.0,152.0,296.0,24.0,16.0,24.0,24.0,88.0,16.0,48.0,17.0,32.0,280.0,16.0,32.0,24.0,16.0,64.0,1.0,49.0,112.0,8.0,64.0,992.0,56.0,8.0,16.0,32.0,16.0,32.0,24.0,32.0,64.0,8.0,1.0,8.0,97.0,224.0,48.0,1.0,144.0,63.0,24.0,257.0,97.0,40.0,489.0,71.0,665.0,39.0,49.0,209.0,17.0,23.0,185.0,89.0,24.0,88.0,9.0,401.0,129.0,9.0,15.0,17.0,88.0,48.0,49.0,33.0,81.0,353.0,288.0,80.0,360.0,33.0,8.0,23.0,24.0,24.0,8.0,32.0,40.0,63.0,480.0,112.0,64.0,40.0,64.0,57.0,312.0,80.0,40.0,32.0,273.0,711.0,65.0,64.0,8.0,73.0,32.0,7.0,7.0,49.0,24.0,40.0,16.0,16.0,41.0,40.0,7.0,16.0,32.0,56.0,168.0,280.0,481.0,104.0,41.0,24.0,7.0,9.0,73.0,16.0,72.0,752.0,113.0,17.0,33.0,17.0,15.0,16.0,73.0,104.0,112.0,64.0,384.0,64.0,656.0,136.0,9.0,48.0,8.0,33.0,40.0,57.0,16.0,8.0,23.0,33.0,48.0,32.0,40.0,64.0,64.0,9.0,16.0,56.0,24.0,16.0,23.0,16.0,40.0,24.0,24.0,2.0,25.0,8.0,8.0,32.0,9.0,24.0,48.0,88.0,216.0,200.0,40.0,16.0,48.0,40.0,48.0,160.0,56.0,16.0,80.0,64.0,24.0,80.0,33.0,96.0,368.0,65.0,96.0,520.0,16.0,64.0,32.0,288.0,33.0,392.0,112.0,16.0,31.0,9.0,39.0,23.0,25.0,49.0,7.0,89.0,7.0,9.0,25.0,39.0,15.0,72.0,1.0,64.0,168.0,81.0,7.0,64.0,24.0,56.0,120.0,105.0,8.0,24.0,1.0,9.0,1.0,72.0
A161NZP385W1TX,39.0,7.0,7.0,31.0,31.0,513.0,73.0,15.0,89.0,33.0,15.0,41.0,40.0,7.0,17.0,8.0,16.0,81.0,49.0,16.0,113.0,7.0,32.0,40.0,528.0,88.0,32.0,145.0,80.0,185.0,32.0,40.0,0.0,104.0,112.0,40.0,64.0,23.0,1.0,48.0,144.0,24.0,24.0,16.0,664.0,32.0,1.0,24.0,24.0,80.0,56.0,24.0,24.0,80.0,0.0,32.0,8.0,48.0,7.0,128.0,128.0,89.0,8.0,48.0,32.0,56.0,40.0,40.0,120.0,9.0,31.0,184.0,1.0,24.0,32.0,81.0,1105.0,65.0,41.0,24.0,264.0,529.0,41.0,24.0,49.0,23.0,160.0,57.0,40.0,153.0,49.0,15.0,9.0,97.0,9.0,128.0,392.0,40.0,16.0,25.0,23.0,8.0,416.0,88.0,23.0,8.0,16.0,16.0,16.0,7.0,25.0,40.0,32.0,32.0,17.0,7.0,1.0,8.0,32.0,8.0,57.0,88.0,88.0,16.0,24.0,48.0,88.0,16.0,32.0,32.0,89.0,32.0,576.0,96.0,48.0,33.0,57.0,16.0,8.0,56.0,72.0,7.0,15.0,8.0,64.0,56.0,7.0,7.0,224.0,88.0,175.0,72.0,80.0,81.0,360.0,8.0,121.0,48.0,41.0,88.0,16.0,73.0,1336.0,72.0,23.0,8.0,17.0,56.0,8.0,31.0,15.0,321.0,353.0,40.0,200.0,424.0,80.0,96.0,368.0,80.0,153.0,281.0,464.0,40.0,32.0,16.0,40.0,56.0,56.0,24.0,185.0,24.0,80.0,72.0,24.0,104.0,128.0,32.0,48.0,32.0,120.0,40.0,152.0,32.0,8.0,8.0,8.0,32.0,48.0,80.0,7.0,48.0,104.0,32.0,15.0,48.0,88.0,40.0,15.0,32.0,144.0,232.0,72.0,40.0,504.0,81.0,8.0,64.0,32.0,31.0,40.0,8.0,32.0,7.0,32.0,15.0,7.0,65.0,65.0,23.0,31.0,96.0,16.0,17.0,7.0,24.0,25.0,129.0,312.0,41.0,32.0,9.0,337.0,345.0,249.0,16.0,24.0,104.0,40.0,65.0,8.0,40.0,1104.0,88.0,33.0,40.0,80.0,136.0,56.0,48.0,544.0,136.0,40.0,8.0,40.0,312.0,248.0,24.0,40.0,96.0,24.0,24.0,8.0,16.0,16.0,80.0,89.0,56.0,8.0,192.0,17.0,32.0,8.0,56.0,32.0,73.0,64.0,55.0,305.0,441.0,24.0,40.0,265.0,273.0,47.0,80.0,88.0,47.0,505.0,112.0,48.0,17.0,8.0,40.0,15.0,47.0,8.0,56.0,7.0,23.0,31.0,8.0,225.0,8.0,24.0,57.0,48.0,17.0,16.0,121.0,593.0,97.0,40.0,48.0,72.0,49.0,8.0,64.0,32.0,641.0,72.0,24.0,32.0,8.0,0.0,24.0,15.0,31.0,23.0,31.0,33.0,39.0,46.0,64.0,504.0,40.0,40.0,32.0,80.0,72.0,57.0,71.0,209.0,143.0,39.0,25.0,9.0,48.0,137.0,161.0,32.0,97.0,56.0,7.0,56.0,136.0,8.0,25.0,15.0,31.0,48.0,800.0,105.0,41.0,31.0,16.0,39.0,32.0,41.0,31.0,47.0,9.0,2.0,65.0,201.0,25.0,73.0,48.0,128.0,81.0,1385.0,112.0,16.0,185.0,104.0,17.0,88.0,136.0,16.0,8.0,40.0,16.0,56.0,552.0,176.0,24.0,64.0,136.0,112.0,47.0,400.0,24.0,144.0,136.0,80.0,912.0,9.0,16.0,24.0,7.0,344.0,129.0,129.0,31.0,305.0,120.0,80.0,192.0,311.0,153.0,264.0,24.0,145.0,1280.0,120.0,9.0,89.0,23.0,41.0,7.0,64.0,15.0,16.0,16.0,32.0,64.0,177.0,32.0,24.0,47.0,40.0,168.0,32.0,48.0,104.0,65.0,457.0,72.0,72.0,80.0,88.0,368.0,0.0,32.0,104.0,16.0,856.0,88.0,48.0,88.0,73.0,872.0,8.0,8.0,104.0,113.0,16.0,32.0,24.0,56.0,64.0,32.0,25.0,56.0,64.0,193.0,336.0,80.0,31.0,1.0,104.0,33.0,96.0
A161NZP385W1TX,265.0,55.0,25.0,56.0,128.0,57.0,1.0,33.0,40.0,15.0,225.0,128.0,64.0,0.0,7.0,16.0,265.0,105.0,64.0,56.0,32.0,8.0,48.0,31.0,47.0,48.0,8.0,96.0,40.0,32.0,48.0,8.0,56.0,8.0,72.0,8.0,8.0,24.0,48.0,24.0,8.0,24.0,48.0,272.0,8.0,8.0,8.0,73.0,9.0,56.0,80.0,472.0,328.0,104.0,48.0,88.0,81.0,56.0,55.0,88.0,25.0,72.0,40.0,559.0,369.0,32.0,64.0,57.0,24.0,80.0,88.0,200.0,8.0,48.0,49.0,81.0,48.0,16.0,17.0,8.0,71.0,31.0,17.0,385.0,232.0,7.0,73.0,80.0,33.0,65.0,7.0,39.0,65.0,121.0,96.0,41.0,64.0,23.0,17.0,41.0,120.0,24.0,136.0,48.0,224.0,128.0,1096.0,24.0,24.0,72.0,40.0,87.0,160.0,48.0,32.0,16.0,120.0,656.0,48.0,32.0,48.0,32.0,72.0,2776.0,31.0,71.0,145.0,113.0,39.0,440.0,130.0,24.0,48.0,32.0,96.0,49.0,96.0,55.0,24.0,15.0,41.0,9.0,24.0,39.0,24.0,145.0,23.0,40.0,32.0,160.0,48.0,64.0,105.0,7.0,32.0,32.0,40.0,72.0,40.0,16.0,24.0,31.0,17.0,112.0,79.0,112.0,136.0,56.0,56.0,32.0,72.0,120.0,128.0,151.0,41.0,80.0,352.0,272.0,24.0,47.0,16.0,472.0,112.0,1263.0,2952.0,39.0,9.0,8.0,23.0,40.0,8.0,7.0,24.0,47.0,8.0,56.0,57.0,73.0,41.0,80.0,32.0,40.0,48.0,32.0,896.0,8.0,32.0,48.0,24.0,352.0,48.0,256.0,360.0,768.0,72.0,80.0,80.0,96.0,80.0,72.0,72.0,272.0,168.0,32.0,55.0,8.0,55.0,24.0,392.0,103.0,88.0,8.0,40.0,96.0,7.0,16.0,32.0,15.0,40.0,23.0,240.0,104.0,41.0,521.0,73.0,56.0,15.0,281.0,72.0,31.0,17.0,185.0,72.0,73.0,80.0,128.0,31.0,7.0,31.0,40.0,97.0,152.0,64.0,80.0,88.0,96.0,352.0,105.0,97.0,193.0,73.0,40.0,48.0,224.0,64.0,56.0,40.0,168.0,160.0,72.0,72.0,72.0,177.0,72.0,401.0,168.0,32.0,48.0,592.0,24.0,24.0,64.0,104.0,48.0,103.0,129.0,24.0,24.0,24.0,48.0,240.0,24.0,8.0,15.0,48.0,7.0,72.0,8.0,97.0,1.0,1.0,153.0,16.0,40.0,40.0,48.0,104.0,9.0,304.0,168.0,208.0,81.0,72.0,17.0,16.0,16.0,104.0,544.0,8.0,32.0,40.0,3.0,17.0,16.0,31.0,32.0,8.0,8.0,7.0,81.0,8.0,17.0,168.0,129.0,31.0,104.0,72.0,264.0,64.0,56.0,64.0,136.0,24.0,56.0,32.0,16.0,24.0,256.0,264.0,72.0,64.0,72.0,72.0,320.0,16.0,104.0,80.0,367.0,80.0,40.0,24.0,8.0,24.0,136.0,112.0,40.0,72.0,16.0,8.0,15.0,64.0,56.0,289.0,72.0,184.0,95.0,583.0,464.0,96.0,7.0,632.0,72.0,31.0,32.0,25.0,41.0,65.0,56.0,280.0,145.0,49.0,9.0,16.0,56.0,31.0,169.0,40.0,73.0,40.0,105.0,152.0,40.0,32.0,241.0,201.0,465.0,136.0,184.0,176.0,64.0,136.0,32.0,40.0,32.0,32.0,32.0,8.0,264.0,88.0,8.0,56.0,8.0,112.0,24.0,201.0,152.0,32.0,80.0,144.0,16.0,40.0,8.0,64.0,184.0,792.0,64.0,32.0,24.0,31.0,41.0,7.0,32.0,7.0,8.0,15.0,24.0,16.0,8.0,16.0,40.0,2057.0,120.0,48.0,144.0,113.0,89.0,128.0,1.0,23.0,16.0,47.0,8.0,65.0,24.0,15.0,23.0,32.0,33.0,48.0,63.0,89.0,57.0,23.0,9.0,40.0,24.0,40.0,88.0,16.0,24.0,72.0,89.0,32.0,16.0,16.0,7.0,40.0,8.0,48.0,792.0,32.0
A161NZP385W1TX,471.0,79.0,24.0,23.0,16.0,40.0,9.0,2.0,48.0,65.0,24.0,15.0,8.0,127.0,24.0,57.0,24.0,16.0,40.0,32.0,24.0,81.0,15.0,9.0,47.0,32.0,56.0,31.0,177.0,81.0,216.0,24.0,48.0,8.0,64.0,112.0,40.0,72.0,24.0,8.0,41.0,112.0,9.0,31.0,23.0,65.0,17.0,16.0,48.0,89.0,496.0,17.0,56.0,32.0,320.0,57.0,24.0,8.0,56.0,24.0,112.0,144.0,72.0,863.0,40.0,32.0,80.0,321.0,48.0,153.0,8.0,32.0,328.0,24.0,239.0,40.0,49.0,73.0,64.0,16.0,89.0,328.0,137.0,40.0,64.0,25.0,7.0,121.0,31.0,32.0,41.0,17.0,39.0,120.0,96.0,7.0,40.0,24.0,47.0,15.0,8.0,17.0,25.0,9.0,65.0,8.0,9.0,15.0,32.0,89.0,31.0,32.0,15.0,8.0,1.0,33.0,7.0,41.0,57.0,144.0,121.0,23.0,16.0,48.0,66.0,8.0,23.0,8.0,89.0,49.0,113.0,47.0,56.0,25.0,56.0,1.0,8.0,32.0,8.0,56.0,64.0,48.0,64.0,480.0,8.0,24.0,192.0,40.0,40.0,88.0,1.0,0.0,24.0,72.0,16.0,8.0,16.0,223.0,16.0,49.0,16.0,40.0,48.0,88.0,144.0,383.0,873.0,80.0,1.0,7.0,112.0,209.0,56.0,8.0,112.0,16.0,89.0,152.0,393.0,137.0,23.0,64.0,57.0,23.0,48.0,31.0,97.0,39.0,153.0,120.0,424.0,8.0,8.0,40.0,7.0,89.0,24.0,40.0,105.0,40.0,32.0,72.0,24.0,32.0,15.0,24.0,112.0,841.0,41.0,40.0,8.0,408.0,96.0,16.0,16.0,88.0,40.0,32.0,48.0,16.0,120.0,8.0,8.0,8.0,16.0,48.0,112.0,8.0,40.0,104.0,7.0,48.0,2.0,25.0,8.0,24.0,16.0,16.0,32.0,120.0,120.0,9.0,24.0,136.0,72.0,112.0,56.0,39.0,25.0,176.0,48.0,64.0,64.0,49.0,848.0,256.0,121.0,33.0,248.0,289.0,161.0,23.0,15.0,64.0,25.0,39.0,23.0,89.0,25.0,8.0,17.0,8.0,15.0,72.0,33.0,17.0,9.0,56.0,775.0,39.0,41.0,40.0,64.0,136.0,57.0,8.0,288.0,160.0,16.0,64.0,48.0,120.0,48.0,88.0,80.0,56.0,24.0,136.0,1888.0,96.0,16.0,24.0,7.0,48.0,23.0,72.0,16.0,24.0,55.0,80.0,241.0,16.0,32.0,112.0,48.0,32.0,32.0,209.0,25.0,169.0,56.0,41.0,7.0,200.0,65.0,57.0,9.0,9.0,265.0,121.0,41.0,64.0,41.0,40.0,8.0,64.0,128.0,1592.0,145.0,80.0,15.0,24.0,8.0,1536.0,8.0,24.0,63.0,48.0,23.0,39.0,49.0,47.0,56.0,88.0,40.0,64.0,32.0,64.0,32.0,80.0,143.0,56.0,32.0,16.0,15.0,32.0,39.0,320.0,32.0,96.0,48.0,15.0,105.0,144.0,0.0,17.0,24.0,7.0,40.0,48.0,136.0,1420.0,5733.0,2020.0,399.0,15.0,31.0,32.0,32.0,160.0,24.0,87.0,24.0,15.0,40.0,96.0,16.0,1.0,64.0,80.0,128.0,136.0,104.0,24.0,80.0,48.0,8.0,80.0,112.0,8.0,40.0,40.0,24.0,40.0,120.0,360.0,47.0,24.0,336.0,112.0,24.0,521.0,40.0,56.0,9.0,104.0,80.0,7.0,16.0,32.0,40.0,136.0,368.0,73.0,113.0,303.0,24.0,41.0,17.0,55.0,25.0,64.0,15.0,7.0,16.0,16.0,80.0,72.0,49.0,121.0,8.0,25.0,23.0,97.0,56.0,31.0,23.0,56.0,377.0,9.0,32.0,105.0,40.0,7.0,73.0,25.0,65.0,336.0,121.0,96.0,8.0,96.0,32.0,8.0,16.0,8.0,104.0,47.0,192.0,104.0,464.0,64.0,32.0,32.0,8.0,47.0,8.0,80.0,8.0,56.0,160.0,216.0,24.0,24.0,128.0,353.0,152.0,64.0,8.0,24.0,8.0,8.0,1.0
A168RQT8B18FH,112.0,24.0,48.0,0.0,32.0,39.0,32.0,1.0,24.0,23.0,72.0,937.0,40.0,16.0,112.0,136.0,16.0,1.0,64.0,25.0,96.0,47.0,64.0,440.0,111.0,32.0,32.0,56.0,16.0,104.0,32.0,136.0,88.0,1.0,24.0,56.0,24.0,96.0,47.0,128.0,184.0,360.0,24.0,40.0,112.0,32.0,236.0,113.0,248.0,152.0,40.0,1.0,136.0,552.0,40.0,136.0,80.0,1.0,40.0,48.0,32.0,88.0,56.0,143.0,96.0,32.0,56.0,104.0,32.0,32.0,72.0,48.0,72.0,56.0,24.0,160.0,64.0,16.0,72.0,40.0,48.0,76.0,24.0,1.0,24.0,704.0,1.0,80.0,1.0,104.0,120.0,40.0,0.0,24.0,160.0,184.0,24.0,0.0,32.0,32.0,24.0,40.0,72.0,32.0,80.0,32.0,160.0,400.0,32.0,152.0,112.0,136.0,672.0,1232.0,216.0,56.0,0.0,136.0,40.0,40.0,32.0,24.0,40.0,0.0,112.0,1360.0,168.0,24.0,136.0,64.0,0.0,0.0,32.0,120.0,0.0,80.0,16.0,128.0,80.0,32.0,88.0,120.0,456.0,104.0,384.0,560.0,128.0,0.0,16.0,1183.0,472.0,488.0,264.0,40.0,1.0,48.0,96.0,96.0,64.0,16.0,1.0,32.0,40.0,24.0,80.0,40.0,56.0,112.0,32.0,64.0,1.0,48.0,1.0,64.0,144.0,152.0,48.0,24.0,80.0,112.0,40.0,88.0,24.0,2616.0,480.0,288.0,112.0,40.0,56.0,24.0,80.0,40.0,16.0,1.0,16.0,1.0,48.0,1.0,128.0,112.0,24.0,64.0,24.0,16.0,24.0,80.0,496.0,1.0,152.0,32.0,32.0,40.0,48.0,64.0,304.0,24.0,96.0,32.0,96.0,72.0,48.0,104.0,24.0,40.0,24.0,40.0,160.0,896.0,64.0,48.0,216.0,128.0,0.0,80.0,48.0,72.0,0.0,0.0,88.0,176.0,16.0,40.0,0.0,40.0,24.0,80.0,72.0,0.0,136.0,0.0,16.0,16.0,0.0,40.0,0.0,72.0,0.0,0.0,40.0,0.0,48.0,40.0,80.0,40.0,0.0,136.0,128.0,16.0,0.0,72.0,32.0,64.0,32.0,128.0,208.0,144.0,312.0,56.0,112.0,64.0,104.0,24.0,40.0,0.0,8.0,328.0,24.0,32.0,32.0,88.0,80.0,31.0,32.0,0.0,112.0,87.0,40.0,24.0,152.0,0.0,0.0,16.0,40.0,128.0,33.0,1.0,1.0,192.0,104.0,144.0,16.0,40.0,16.0,312.0,128.0,32.0,24.0,32.0,1.0,32.0,1.0,32.0,48.0,1.0,40.0,24.0,40.0,56.0,136.0,120.0,72.0,32.0,1.0,24.0,1.0,80.0,168.0,1.0,28.0,48.0,208.0,256.0,1.0,24.0,72.0,648.0,160.0,320.0,8.0,608.0,80.0,72.0,40.0,24.0,104.0,184.0,136.0,1.0,64.0,1.0,40.0,112.0,1.0,72.0,32.0,48.0,1.0,32.0,48.0,56.0,248.0,1.0,88.0,152.0,400.0,24.0,40.0,1.0,72.0,32.0,32.0,96.0,128.0,72.0,40.0,40.0,1.0,112.0,56.0,1.0,16.0,112.0,43.0,1.0,88.0,88.0,1.0,152.0,112.0,696.0,144.0,192.0,336.0,56.0,48.0,1984.0,33.0,33.0,33.0,33.0,33.0,33.0,1016.0,24.0,152.0,80.0,552.0,33.0,33.0,33.0,33.0,33.0,33.0,33.0,33.0,808.0,24.0,40.0,32.0,64.0,32.0,0.0,104.0,56.0,32.0,272.0,96.0,208.0,81.0,1.0,0.0,73.0,208.0,200.0,168.0,1.0,112.0,56.0,1.0,80.0,1.0,680.0,288.0,24.0,40.0,48.0,1.0,48.0,120.0,24.0,1.0,32.0,24.0,72.0,408.0,24.0,136.0,40.0,96.0,144.0,32.0,96.0,1.0,128.0,24.0,104.0,144.0,48.0,112.0,40.0,112.0,1.0,1.0,152.0,672.0,160.0,56.0,200.0,1.0,192.0,128.0,1.0,1.0,1.0,104.0,80.0,1.0,48.0,1.0,72.0,112.0,40.0,128.0,72.0,1.0
A168RQT8B18FH,97.0,64.0,1.0,0.0,31.0,48.0,80.0,0.0,40.0,1.0,112.0,111.0,0.0,48.0,40.0,24.0,72.0,112.0,48.0,256.0,599.0,88.0,48.0,200.0,144.0,136.0,56.0,152.0,152.0,1.0,64.0,32.0,64.0,16.0,1.0,56.0,24.0,40.0,64.0,127.0,25.0,24.0,8.0,88.0,16.0,216.0,80.0,48.0,56.0,80.0,240.0,16.0,24.0,64.0,24.0,32.0,48.0,24.0,56.0,1.0,128.0,72.0,79.0,536.0,1.0,120.0,104.0,24.0,104.0,64.0,16.0,112.0,40.0,1112.0,33.0,33.0,33.0,33.0,33.0,184.0,248.0,120.0,128.0,984.0,24.0,64.0,112.0,392.0,296.0,48.0,0.0,112.0,104.0,24.0,24.0,48.0,48.0,112.0,24.0,152.0,152.0,24.0,256.0,16.0,136.0,0.0,32.0,56.0,40.0,16.0,160.0,40.0,128.0,112.0,24.0,24.0,72.0,32.0,0.0,24.0,112.0,104.0,16.0,64.0,360.0,0.0,152.0,56.0,128.0,0.0,24.0,120.0,40.0,8.0,16.0,0.0,32.0,0.0,40.0,40.0,120.0,40.0,0.0,24.0,256.0,16.0,24.0,32.0,0.0,16.0,0.0,144.0,0.0,24.0,24.0,80.0,0.0,8.0,40.0,112.0,128.0,16.0,48.0,40.0,80.0,64.0,144.0,56.0,40.0,88.0,64.0,64.0,144.0,185.0,352.0,1.0,136.0,17.0,111.0,24.0,32.0,248.0,120.0,80.0,96.0,63.0,32.0,104.0,32.0,1.0,1.0,32.0,1.0,1.0,72.0,32.0,24.0,22.0,1.0,136.0,64.0,32.0,96.0,56.0,24.0,40.0,120.0,48.0,280.0,48.0,24.0,96.0,1.0,24.0,136.0,56.0,56.0,16.0,80.0,16.0,16.0,16.0,24.0,64.0,184.0,1.0,336.0,304.0,64.0,72.0,80.0,32.0,656.0,152.0,1.0,1.0,1.0,56.0,24.0,136.0,80.0,104.0,72.0,24.0,64.0,96.0,1.0,104.0,72.0,32.0,152.0,104.0,72.0,24.0,32.0,128.0,0.0,48.0,32.0,72.0,40.0,56.0,88.0,55.0,16.0,24.0,16.0,128.0,1.0,16.0,0.0,1.0,32.0,0.0,1.0,24.0,64.0,312.0,80.0,112.0,40.0,72.0,0.0,40.0,48.0,72.0,32.0,24.0,16.0,0.0,128.0,128.0,24.0,48.0,0.0,24.0,120.0,104.0,144.0,272.0,40.0,144.0,24.0,0.0,0.0,24.0,136.0,112.0,144.0,112.0,24.0,0.0,0.0,72.0,144.0,40.0,72.0,0.0,32.0,8.0,16.0,80.0,56.0,0.0,480.0,120.0,0.0,0.0,152.0,104.0,80.0,32.0,32.0,24.0,0.0,64.0,0.0,0.0,0.0,152.0,152.0,56.0,0.0,96.0,8.0,56.0,56.0,128.0,144.0,72.0,32.0,24.0,40.0,0.0,72.0,168.0,135.0,0.0,49.0,104.0,56.0,0.0,40.0,0.0,15.0,1.0,1.0,80.0,32.0,88.0,56.0,24.0,40.0,16.0,24.0,16.0,1.0,16.0,1.0,1.0,32.0,1.0,40.0,1.0,1.0,72.0,96.0,32.0,1.0,1.0,128.0,136.0,64.0,1.0,144.0,88.0,55.0,128.0,56.0,1.0,64.0,112.0,1.0,56.0,16.0,16.0,112.0,1.0,48.0,1.0,38.0,112.0,40.0,24.0,136.0,40.0,72.0,32.0,80.0,16.0,1.0,16.0,56.0,24.0,1.0,1.0,40.0,16.0,24.0,40.0,1.0,128.0,104.0,120.0,24.0,96.0,1.0,32.0,144.0,48.0,24.0,40.0,200.0,176.0,152.0,112.0,48.0,40.0,8.0,24.0,80.0,48.0,16.0,168.0,128.0,40.0,1.0,16.0,48.0,24.0,24.0,144.0,128.0,112.0,64.0,88.0,87.0,1.0,88.0,128.0,264.0,24.0,32.0,112.0,0.0,208.0,16.0,161.0,176.0,24.0,40.0,48.0,40.0,1.0,0.0,16.0,32.0,8.0,0.0,56.0,32.0,56.0,0.0,24.0,0.0,128.0,96.0,0.0,16.0,128.0,0.0,48.0,40.0,72.0,24.0
A168RQT8B18FH,96.0,48.0,0.0,24.0,16.0,24.0,42.0,0.0,32.0,0.0,128.0,25.0,0.0,72.0,0.0,25.0,40.0,120.0,32.0,136.0,0.0,168.0,112.0,16.0,80.0,216.0,208.0,24.0,72.0,32.0,56.0,48.0,0.0,40.0,152.0,960.0,40.0,136.0,0.0,88.0,552.0,72.0,40.0,232.0,56.0,72.0,48.0,40.0,24.0,16.0,32.0,64.0,136.0,0.0,72.0,0.0,32.0,40.0,48.0,104.0,488.0,24.0,136.0,88.0,16.0,32.0,96.0,16.0,120.0,40.0,144.0,112.0,64.0,32.0,0.0,135.0,96.0,1296.0,64.0,64.0,1.0,160.0,32.0,112.0,16.0,24.0,1.0,88.0,168.0,16.0,32.0,136.0,128.0,216.0,56.0,144.0,40.0,112.0,80.0,120.0,1.0,16.0,136.0,8.0,32.0,1.0,16.0,16.0,1.0,24.0,8.0,128.0,56.0,32.0,24.0,136.0,2032.0,1.0,1.0,24.0,1.0,1.0,152.0,88.0,88.0,1.0,40.0,1.0,1.0,1.0,136.0,136.0,168.0,88.0,72.0,184.0,872.0,48.0,1848.0,24.0,32.0,128.0,296.0,112.0,1152.0,56.0,16.0,80.0,3424.0,0.0,32.0,128.0,0.0,104.0,80.0,32.0,64.0,32.0,3928.0,104.0,95.0,24.0,127.0,25.0,0.0,0.0,29.0,1.0,1.0,32.0,64.0,47.0,40.0,16.0,16.0,24.0,1.0,104.0,56.0,16.0,1.0,135.0,368.0,144.0,48.0,1.0,120.0,32.0,1.0,152.0,56.0,1.0,1.0,40.0,88.0,1.0,48.0,1.0,152.0,336.0,112.0,112.0,120.0,48.0,96.0,1.0,568.0,168.0,48.0,88.0,24.0,48.0,24.0,1.0,24.0,104.0,344.0,128.0,72.0,104.0,88.0,55.0,1.0,80.0,24.0,88.0,160.0,40.0,152.0,168.0,104.0,88.0,1.0,176.0,24.0,16.0,32.0,104.0,72.0,56.0,16.0,48.0,24.0,24.0,16.0,144.0,72.0,16.0,1.0,40.0,64.0,112.0,48.0,40.0,54.0,152.0,40.0,16.0,64.0,151.0,112.0,112.0,120.0,24.0,80.0,56.0,0.0,88.0,288.0,8.0,48.0,48.0,0.0,128.0,0.0,48.0,144.0,120.0,0.0,48.0,0.0,0.0,152.0,104.0,72.0,32.0,48.0,136.0,0.0,32.0,0.0,248.0,160.0,120.0,144.0,104.0,32.0,40.0,32.0,160.0,240.0,32.0,64.0,0.0,40.0,56.0,32.0,32.0,72.0,0.0,496.0,312.0,6972.0,96.0,225.0,408.0,6904.0,1.0,384.0,120.0,136.0,1.0,32.0,56.0,48.0,0.0,32.0,48.0,16.0,16.0,136.0,64.0,0.0,104.0,40.0,0.0,77.0,146.0,160.0,40.0,32.0,24.0,24.0,16.0,34.0,48.0,112.0,128.0,32.0,208.0,56.0,0.0,120.0,56.0,24.0,80.0,24.0,128.0,32.0,120.0,32.0,0.0,0.0,0.0,184.0,408.0,280.0,160.0,24.0,0.0,32.0,16.0,64.0,0.0,96.0,24.0,96.0,0.0,0.0,0.0,112.0,128.0,80.0,24.0,136.0,72.0,32.0,128.0,24.0,0.0,816.0,16.0,0.0,24.0,88.0,151.0,216.0,128.0,0.0,0.0,0.0,104.0,1.0,16.0,192.0,88.0,104.0,48.0,1.0,32.0,24.0,1.0,72.0,32.0,1.0,24.0,48.0,280.0,200.0,32.0,32.0,16.0,32.0,32.0,12.0,104.0,1.0,24.0,136.0,48.0,24.0,56.0,88.0,1.0,160.0,120.0,64.0,48.0,24.0,24.0,32.0,1.0,32.0,24.0,144.0,120.0,1.0,1.0,16.0,56.0,24.0,168.0,32.0,24.0,712.0,120.0,24.0,64.0,1.0,48.0,384.0,40.0,40.0,168.0,384.0,760.0,40.0,152.0,112.0,16.0,32.0,1.0,24.0,80.0,600.0,32.0,48.0,16.0,1.0,64.0,32.0,440.0,256.0,48.0,128.0,464.0,3160.0,64.0,32.0,160.0,40.0,32.0,40.0,64.0,24.0,24.0,0.0,8.0,88.0,96.0,16.0,0.0,72.0,0.0,64.0
A168RQT8B18FH,168.0,64.0,0.0,24.0,40.0,40.0,64.0,32.0,16.0,56.0,24.0,128.0,56.0,0.0,224.0,104.0,128.0,0.0,272.0,888.0,112.0,136.0,24.0,48.0,0.0,48.0,104.0,48.0,488.0,57.0,32.0,767.0,111.0,64.0,24.0,24.0,120.0,72.0,40.0,80.0,16.0,72.0,224.0,1.0,16.0,112.0,80.0,1.0,24.0,56.0,39.0,96.0,39.0,112.0,128.0,32.0,144.0,160.0,16.0,24.0,56.0,112.0,1.0,72.0,160.0,32.0,208.0,184.0,104.0,24.0,56.0,96.0,80.0,1.0,1.0,72.0,24.0,48.0,64.0,119.0,72.0,32.0,40.0,72.0,200.0,32.0,48.0,56.0,80.0,40.0,1.0,440.0,80.0,1672.0,72.0,128.0,32.0,56.0,72.0,352.0,40.0,208.0,0.0,48.0,0.0,64.0,120.0,56.0,32.0,32.0,160.0,168.0,56.0,0.0,40.0,40.0,48.0,32.0,56.0,64.0,104.0,40.0,128.0,24.0,0.0,128.0,104.0,136.0,24.0,144.0,192.0,104.0,24.0,48.0,192.0,88.0,0.0,64.0,48.0,24.0,72.0,120.0,24.0,136.0,32.0,32.0,0.0,0.0,120.0,32.0,88.0,56.0,144.0,0.0,0.0,352.0,120.0,128.0,0.0,32.0,112.0,64.0,0.0,24.0,37.0,32.0,96.0,32.0,160.0,24.0,40.0,40.0,56.0,56.0,56.0,16.0,104.0,0.0,56.0,24.0,40.0,40.0,128.0,192.0,183.0,40.0,0.0,96.0,64.0,64.0,112.0,40.0,41.0,584.0,824.0,1432.0,24.0,24.0,0.0,72.0,848.0,16.0,16.0,24.0,64.0,56.0,24.0,128.0,128.0,88.0,40.0,40.0,24.0,64.0,104.0,1.0,32.0,160.0,32.0,1.0,40.0,24.0,32.0,384.0,1.0,232.0,16.0,56.0,264.0,32.0,104.0,24.0,56.0,64.0,1.0,120.0,200.0,80.0,400.0,128.0,32.0,40.0,1.0,24.0,48.0,32.0,80.0,1.0,96.0,352.0,96.0,40.0,176.0,24.0,32.0,24.0,86.0,24.0,40.0,56.0,0.0,128.0,16.0,16.0,0.0,48.0,104.0,1120.0,72.0,160.0,520.0,120.0,128.0,256.0,80.0,0.0,48.0,88.0,856.0,144.0,104.0,560.0,2544.0,136.0,128.0,112.0,216.0,24.0,0.0,72.0,960.0,32.0,184.0,128.0,216.0,56.0,97.0,47.0,72.0,65.0,127.0,272.0,32.0,14007.0,33.0,33.0,33.0,33.0,21.0,80.0,152.0,48.0,112.0,152.0,72.0,96.0,120.0,40.0,80.0,128.0,120.0,64.0,56.0,56.0,136.0,88.0,80.0,119.0,144.0,56.0,112.0,104.0,88.0,88.0,72.0,112.0,96.0,128.0,88.0,48.0,56.0,88.0,96.0,128.0,80.0,192.0,88.0,112.0,64.0,208.0,56.0,64.0,80.0,112.0,104.0,56.0,56.0,120.0,104.0,64.0,112.0,104.0,88.0,136.0,96.0,120.0,48.0,56.0,56.0,112.0,87.0,128.0,48.0,56.0,72.0,120.0,80.0,128.0,144.0,72.0,96.0,96.0,120.0,96.0,56.0,80.0,112.0,32.0,64.0,56.0,88.0,144.0,48.0,128.0,120.0,120.0,79.0,104.0,128.0,96.0,72.0,96.0,72.0,48.0,128.0,80.0,104.0,96.0,24.0,112.0,88.0,104.0,112.0,96.0,88.0,88.0,104.0,136.0,136.0,96.0,80.0,160.0,144.0,128.0,64.0,152.0,80.0,128.0,144.0,112.0,152.0,112.0,120.0,112.0,111.0,88.0,88.0,96.0,96.0,80.0,112.0,96.0,72.0,120.0,136.0,96.0,492.0,33.0,33.0,176.0,296.0,33.0,111.0,144.0,55.0,40.0,64.0,88.0,296.0,56.0,40.0,72.0,136.0,48.0,40.0,104.0,480.0,80.0,152.0,40.0,2928.0,160.0,112.0,120.0,2656.0,1.0,168.0,104.0,48.0,80.0,128.0,24.0,72.0,1.0,104.0,1.0,16.0,24.0,80.0,40.0,8.0,208.0,224.0,48.0,168.0,8.0,8072.0,120.0,144.0,0.0,72.0,24.0,112.0,48.0,16.0
